1,2679,2947.3,3257,161.917
2,2639,2938.8,3493,208.701
3,2629,3005.45,3487,220.448
4,2489,2988.35,3319,178.752
5,2661,2957.55,3293,160.215
6,2463,2870.65,3214,213.451
7,2546,2965.75,3191,187.883
8,2601,2940.6,3165,145.79
9,2647,2869.85,3138,120.582
10,2656,2981.15,3394,173.442
11,2659,2908.7,3220,144.131
12,2549,2924.3,3219,169.759
13,2732,2974.35,3203,131.432
14,2716,2990.6,3247,153.739
15,2721,2926.75,3243,155.431
16,2671,2935.2,3275,184.543
17,2602,2911.75,3106,122.046
18,2714,3040.75,3290,166.913
19,2530,2956.55,3307,174.969
20,2609,2921.5,3268,156.524
21,2588,2914,3277,173.206
22,2469,2902.95,3500,236.891
23,2636,2963.35,3211,145.827
24,2619,2972.1,3417,208.428
25,2657,2988.85,3194,159
26,2654,2945.95,3178,148.87
27,2609,2957.1,3227,176.608
28,2600,2945.85,3280,153.738
29,2521,2885.1,3104,137.954
30,2625,2959.25,3276,190.811
31,2644,2950.4,3197,138.968
32,2589,2918.45,3339,167.241
33,2663,2926.45,3160,141.351
34,2593,2896.1,3146,140.183
35,2728,2945.1,3272,150.669
36,2546,2947.35,3260,191.428
37,2709,3007.9,3258,145.638
38,2588,2928.15,3309,181.043
39,2633,2927.45,3158,144.073
40,2542,2886.9,3370,193.813
41,2611,2931.4,3340,169.362
42,2585,2929.95,3247,179.456
43,2576,3005.75,3254,157.335
44,2729,2955.05,3226,154.367
45,2643,2956.8,3345,189.165
46,2557,2935.9,3261,186.862
47,2560,2936.8,3422,245.938
48,2604,2923.05,3206,141.842
49,2647,2981.9,3184,145.64
50,2649,2966.1,3273,163.082
51,2635,2906.5,3331,171.292
52,2583,2916,3135,148.12
53,2687,2872.65,3160,138.849
54,2516,2903.25,3286,178.79
55,2567,2976.8,3299,175.994
56,2688,2949,3129,126.436
57,2709,2901.75,3250,136.516
58,2551,2936.75,3227,181.411
59,2773,2940.2,3160,127.472
60,2688,2987.45,3243,164.927
61,2695,2944.7,3179,135.158
62,2449,2904.65,3187,168.439
63,2735,2971.75,3267,137.741
64,2746,2979.3,3316,134.723
65,2548,2934.95,3300,177.049
66,2501,2871.5,3279,187.403
67,2564,2981.4,3227,196.41
68,2551,2842.95,3206,178.794
69,2444,2954.1,3614,257.296
70,2794,2984.65,3183,128.995
71,2733,3016.05,3375,152.858
72,2598,2898.45,3149,140.113
73,2542,2886.25,3260,209.884
74,2583,2945.25,3286,168.885
75,2533,2980.9,3407,179.236
76,2565,2987.4,3298,196.191
77,2625,2940.55,3211,146.707
78,2561,2898.25,3217,183.698
79,2495,2907.55,3280,203.624
80,2677,2936.55,3195,134.058
81,2596,2973.9,3266,150.192
82,2589,2909.95,3273,154.212
83,2541,2947.55,3302,176.719
84,2682,2892.85,3120,120.024
85,2681,2954.3,3370,179.441
86,2609,2968.9,3207,142.488
87,2517,2846.95,3100,159.496
88,2637,2961.45,3349,181.749
89,2678,2935.95,3169,125.474
90,2649,2933.8,3278,167.302
91,2506,2881.85,3293,172.59
92,2593,2949.7,3250,157.696
93,2644,2935.25,3342,155.007
94,2624,2959.2,3320,204.696
95,2724,2936.45,3173,115.473
96,2473,2937.8,3154,180.572
97,2679,2996.2,3297,158.862
98,2583,2963.1,3228,157.411
99,2827,3016.75,3306,153.42
100,2653,2972.55,3328,174.883
101,2674,2911.5,3267,153.976
102,2772,2948.55,3227,136.283
103,2636,2959.6,3194,145.797
104,2531,2887.35,3182,170.377
105,2656,2964.2,3261,124.874
106,2584,2919.3,3251,178.303
107,2469,2910.1,3224,156.052
108,2716,2952.7,3201,143.536
109,2577,2981.2,3231,149.876
110,2634,3002.45,3315,161.068
111,2507,2924.05,3171,149.791
112,2593,2910.3,3177,147.772
113,2640,2858.25,3151,146.606
114,2571,2911.85,3212,177.198
115,2488,2975.05,3310,182.087
116,2654,2949.4,3141,131.702
117,2666,2985.9,3248,155.046
118,2683,2925.65,3143,123.924
119,2640,2909.8,3236,160.159
120,2557,2959.2,3397,194.584
121,2670,2971.25,3187,148.803
122,2685,2935.2,3255,152.039
123,2550,2841.15,3208,189.655
124,2663,2994.7,3366,200.572
125,2663,2956,3228,145.988
126,2619,2912.05,3259,184.677
127,2652,2956.7,3403,180.948
128,2603,2976.1,3276,170.29
129,2628,2935.6,3309,170.601
130,2783,2965.9,3126,95.1624
131,2716,2999.45,3222,117.451
132,2570,2872.75,3170,163.945
133,2684,2929.95,3111,125.318
134,2726,3030.4,3406,177.085
135,2558,2977.05,3368,177.567
136,2594,2880.65,3111,136.528
137,2719,2945.4,3289,155.345
138,2639,2944.05,3307,179.539
139,2478,2775.05,3105,161.3
140,2624,2936.15,3348,171.962
141,2663,2919.85,3192,160.84
142,2510,2886.4,3273,206.379
143,2561,2898.55,3129,153.839
144,2589,2978,3219,198.331
145,2744,3029.45,3515,161.81
146,2677,2922.2,3097,115.426
147,2712,2980.95,3232,151.288
148,2586,2973.7,3290,171.071
149,2660,2901.2,3234,164.463
150,2794,2958.7,3180,102.469
151,2675,2931.8,3185,138.745
152,2644,2996.3,3395,155.218
153,2513,2933.4,3241,186.893
154,2765,3018.85,3309,149.224
155,2689,2958.9,3179,147.126
156,2615,2954.75,3221,141.587
157,2726,3022.7,3375,170.263
158,2674,2997.75,3441,161.399
159,2385,2970.65,3318,191.907
160,2603,2977.35,3399,187.299
161,2618,2918.75,3136,147.388
162,2692,2981.85,3214,132.568
163,2584,2952,3407,208.126
164,2620,2937.5,3231,201.731
165,2683,2930.3,3169,142.089
166,2734,2958.7,3305,144.994
167,2824,2980.6,3245,109.273
168,2625,2960.3,3343,147.35
169,2620,2931.4,3217,182.253
170,2685,2920.75,3156,122.538
171,2767,2952.15,3179,127.485
172,2809,2971.55,3233,123.095
173,2582,2960.65,3328,198.46
174,2569,2911.9,3186,174.28
175,2560,2939.95,3099,142.844
176,2524,2869.95,3204,207.113
177,2504,2885.95,3124,183.006
178,2764,2978.45,3105,102.648
179,2572,2844.55,3179,164.226
180,2672,3014.5,3310,172.983
181,2661,2948.1,3393,163.52
182,2590,2934.25,3284,173.009
183,2554,2961.75,3240,171.165
184,2690,2982.95,3406,211.727
185,2717,2970.35,3224,123.18
186,2577,2923.25,3151,154.696
187,2646,2989.9,3298,180.105
188,2625,2918.75,3155,124.308
189,2512,2879.45,3122,154.639
190,2614,2909.35,3227,182.954
191,2448,2918.55,3236,184.972
192,2635,2990.75,3328,174.432
193,2608,2925.95,3251,146.038
194,2652,2978.25,3228,138.525
195,2644,2968.5,3314,200.626
196,2584,2987.75,3405,199.819
197,2672,2950.9,3200,128.429
198,2550,2911.15,3234,195.762
199,2377,2961.45,3279,186.475
200,2594,2915.45,3352,178.296
201,2655,2982.1,3408,190.432
202,2753,3014.5,3311,147.983
203,2690,2995.95,3185,152.977
204,2705,2968.65,3317,161.974
205,2614,2936.5,3191,147.222
206,2574,2961.65,3391,210.697
207,2612,2951.35,3275,167.126
208,2592,2896.85,3178,172.93
209,2639,2946.05,3251,160.492
210,2601,2948.45,3318,154.543
211,2781,2973.7,3242,131.463
212,2493,2860.15,3335,213.706
213,2558,2882.2,3159,177.338
214,2768,2961.55,3130,107.208
215,2687,2928.2,3156,112.628
216,2568,2898.9,3198,154.603
217,2659,2948.65,3214,145.447
218,2716,2968.4,3333,176.097
219,2650,2972.75,3329,168.078
220,2637,2959,3258,169.145
221,2714,2993.1,3214,156.014
222,2649,2871.55,3126,143.674
223,2753,2964.9,3164,122.244
224,2730,2865.9,3126,97.7783
225,2477,2884.6,3190,169.596
226,2795,2963.55,3173,115.804
227,2676,2921.9,3212,166.156
228,2704,2963.25,3177,147.386
229,2622,2948.15,3215,183.301
230,2612,2867.55,3154,140.647
231,2640,2930.3,3337,164.122
232,2580,2869.2,3200,191.782
233,2654,2926.05,3197,166.645
234,2639,2981.4,3283,159.628
235,2522,2947.35,3206,164.147
236,2701,2913.7,3208,148.165
237,2570,2913.7,3227,179.603
238,2647,2916.6,3213,165.851
239,2717,3025.3,3272,138.307
240,2633,2946,3376,181.21
241,2665,2955.4,3232,162.677
242,2726,2932.2,3361,174.017
243,2665,3016.85,3230,149.081
244,2557,2896.55,3447,211.718
245,2691,2931,3206,162.355
246,2590,2966.3,3300,169.05
247,2710,2945.8,3286,144.38
248,2825,2968.2,3218,113.81
249,2698,2964,3269,180.546
250,2585,2926.45,3176,169.443
251,2554,2977.65,3274,176.841
252,2629,2919.35,3331,158.805
253,2647,2913.8,3092,126.061
254,2704,2959.3,3169,127.188
255,2551,2941.55,3279,171.421
256,2788,2979.3,3343,141.385
257,2541,2897.8,3156,148.259
258,2589,2961.8,3396,184.837
259,2654,2903.8,3165,123.105
260,2678,2873.2,3155,139.498
261,2636,2933.3,3213,137.199
262,2686,2933.1,3247,151.911
263,2493,2895.35,3195,178.987
264,2562,2931.35,3252,190.086
265,2546,2964.45,3225,188.434
266,2750,3007.3,3294,152.389
267,2433,2979.25,3242,198.869
268,2641,2967.3,3234,159.299
269,2801,2999.8,3291,124.781
270,2676,2946.65,3250,163.293
271,2618,2968.45,3295,160.594
272,2681,2939.45,3152,122.36
273,2565,2958.4,3117,142.162
274,2517,2957.8,3233,186.645
275,2725,3019.25,3313,159.668
276,2697,2985.05,3338,157.517
277,2534,2871.2,3166,162.519
278,2645,2998.2,3301,166.421
279,2423,2897.7,3222,181.64
280,2556,2911.25,3171,165.922
281,2662,2940.4,3231,146.633
282,2720,2880.55,3135,98.2682
283,2678,2941.55,3255,173.583
284,2789,3044.35,3356,133.788
285,2674,2884.05,3252,155.054
286,2654,2918.95,3257,148.82
287,2644,2922.8,3250,167.099
288,2538,2925.1,3266,179.111
289,2671,2920.6,3231,164.417
290,2692,2923.15,3232,138.831
291,2619,2958,3125,118.27
292,2560,2951.75,3126,133.125
293,2623,2842.4,3167,165.235
294,2528,2934,3258,201.317
295,2656,2872.95,3087,122.139
296,2652,2905.8,3180,167.53
297,2747,2953.65,3236,116.853
298,2598,2920.7,3341,167.454
299,2545,2932.75,3341,203.702
300,2719,2961.35,3194,153.718
301,2459,2980.15,3408,210.677
302,2547,2932.25,3186,182.614
303,2600,2920.85,3271,177.339
304,2602,2906.6,3209,159.754
305,2556,2921.3,3222,159.449
306,2671,2913.05,3186,121.573
307,2568,2873.1,3149,154.707
308,2717,3007.25,3250,147.476
309,2625,2912.6,3150,138.443
310,2632,2934.45,3196,138.202
311,2734,3006.9,3342,148.185
312,2478,2897.15,3169,148.588
313,2550,2885.4,3177,158.142
314,2731,3018.15,3380,177.582
315,2494,2935.3,3176,156.912
316,2747,2950.65,3263,166.36
317,2659,2963.95,3279,192.413
318,2694,2900.7,3145,114.936
319,2697,2929.35,3190,113.832
320,2763,2955.85,3203,129.689
321,2668,2947.6,3172,148.463
322,2653,2878.35,3067,115.58
323,2611,2883.75,3157,164.49
324,2562,2950.8,3306,161.912
325,2638,2924.65,3304,164.014
326,2602,2913.7,3310,156.152
327,2659,2950.25,3264,156.446
328,2745,3051.95,3294,155.852
329,2414,2864.8,3148,218.155
330,2625,2989.15,3231,141.756
331,2726,2908.95,3257,131.992
332,2695,2933.75,3266,156.316
333,2634,2948.4,3231,164.84
334,2600,2913.05,3252,162.847
335,2524,2968.05,3515,208.742
336,2732,2981.55,3291,128.665
337,2702,2950.85,3194,155.295
338,2632,2909.05,3275,170.651
339,2627,2978.4,3233,156.034
340,2532,2962.15,3409,193.096
341,2737,2961.75,3268,110.897
342,2603,2962.75,3279,188.325
343,2584,2924.5,3265,165.076
344,2540,2972.1,3380,177.54
345,2771,2945.2,3334,142.794
346,2677,2949.65,3220,145.426
347,2627,2929.85,3278,185.219
348,2673,2952.45,3296,165.018
349,2592,2960.5,3461,196.311
350,2378,2858.85,3171,163.512
351,2714,2976.6,3273,135.099
352,2579,2978.7,3320,168.28
353,2572,2958.3,3315,173.321
354,2682,2893.45,3147,128.879
355,2584,2906.05,3217,163.2
356,2604,2945.2,3243,169.855
357,2466,2906.2,3282,190.445
358,2577,2960.35,3234,161.072
359,2682,2972.15,3339,184.535
360,2661,2962.45,3218,142.357
361,2690,2926.1,3127,130.455
362,2614,2952.3,3215,146.373
363,2687,2903.5,3289,152.587
364,2711,2958.95,3239,137.101
365,2641,2934.2,3357,175.43
366,2624,2942.15,3187,118.682
367,2642,2954.95,3202,173.403
368,2594,2890.55,3232,167.046
369,2685,2877.35,3092,134.161
370,2762,2958.15,3323,146.219
371,2417,2966.85,3389,228.725
372,2586,2918.3,3187,146.287
373,2510,2967.2,3240,160.713
374,2484,2951.85,3277,181.779
375,2550,2964.1,3453,206.651
376,2663,2957.7,3165,149.836
377,2731,2947.65,3194,117.772
378,2441,2899.3,3185,173.531
379,2580,2872,3222,171.463
380,2740,2974.45,3388,155.184
381,2554,2874.1,3244,179.052
382,2800,3020.45,3384,169.171
383,2597,2943.5,3169,154.795
384,2615,2944.05,3375,191.662
385,2580,2958.15,3122,118.851
386,2488,2891.2,3187,183.941
387,2660,2933.2,3117,126.041
388,2686,2927.65,3239,138.645
389,2640,2949.25,3195,152.584
390,2630,2952.8,3192,164.526
391,2581,2921.7,3350,184.347
392,2667,2886,3177,157.314
393,2535,2964.4,3311,196.195
394,2718,2961.1,3264,149.054
395,2551,2909.9,3351,199.996
396,2642,2942.25,3172,149.991
397,2721,2891.5,3121,125.707
398,2757,3013.5,3489,164.843
399,2596,2933.5,3281,162.47
400,2570,2930.85,3498,229.144
401,2640,2949.95,3148,145.696
402,2574,2937.15,3248,206.355
403,2623,2950,3259,165.043
404,2706,2924.9,3175,130.033
405,2719,2945.55,3242,144.271
406,2638,2908.15,3183,145.886
407,2542,2939.95,3171,154.622
408,2540,2896.3,3143,170.76
409,2379,2826.9,3119,191.689
410,2794,2930.8,3113,95.4309
411,2533,2905.7,3194,176.148
412,2628,2952.15,3232,159.276
413,2681,2885.85,3169,135.272
414,2491,2880.25,3257,199.675
415,2691,2976.65,3163,148.445
416,2600,2913.6,3236,166.811
417,2690,2934,3149,136.334
418,2546,2965.35,3365,196.86
419,2626,2927.05,3218,168.711
420,2794,2990.65,3224,118.295
421,2611,2992.75,3348,191.749
422,2597,2899.2,3181,168.382
423,2678,2948.35,3299,149.565
424,2639,2935.4,3248,165.387
425,2582,2960.45,3303,184.39
426,2703,2940.1,3210,151.172
427,2714,3049.55,3452,223.331
428,2661,2947.9,3274,142.642
429,2679,2930.2,3277,175.404
430,2426,2901.2,3217,188.425
431,2595,2916.2,3141,157.288
432,2637,2984.85,3278,168.807
433,2725,2967.8,3249,128.64
434,2698,2930,3156,135.862
435,2505,2900.2,3382,208.541
436,2670,2904.25,3300,153.273
437,2616,2906.35,3241,167.114
438,2506,2798.05,3102,164.096
439,2705,2936.35,3141,134.101
440,2469,2866.8,3156,169.952
441,2751,2990.15,3210,143.062
442,2611,2937.55,3279,191.42
443,2566,2898.2,3277,194.862
444,2732,2985.2,3351,134.395
445,2585,2861,3142,154.111
446,2788,2976.45,3309,131.631
447,2504,2934.35,3280,176.455
448,2713,2907,3084,115.186
449,2638,2956.35,3218,162.257
450,2432,2861.1,3291,172.742
451,2726,2935.5,3150,115.203
452,2745,2962.3,3187,125.825
453,2625,2943.35,3274,178.579
454,2558,2920.65,3153,157.838
455,2683,2930.7,3294,181.688
456,2699,2980.9,3302,170.448
457,2562,2931.15,3184,169.691
458,2533,2911.9,3420,212.693
459,2538,2943.8,3283,195.752
460,2678,2933.9,3233,132.469
461,2675,2859.25,3116,125.122
462,2567,2965.85,3289,190.87
463,2529,2972.55,3360,231.732
464,2590,2945.7,3200,149.76
465,2718,2951.25,3209,130.815
466,2610,2969.8,3331,189.068
467,2612,2889.8,3385,155.05
468,2618,2956.05,3243,190.236
469,2470,2986.1,3304,204.44
470,2616,3001.1,3265,190.753
471,2568,2946.3,3360,187.152
472,2548,2999.9,3269,202.222
473,2481,2956.4,3294,177.782
474,2582,2895.15,3241,198.753
475,2600,2960.35,3323,183.113
476,2695,2939.25,3244,163.18
477,2540,2869.45,3111,159.717
478,2693,2916.75,3207,159.361
479,2620,2950.7,3297,184.89
480,2664,2923,3284,166.085
481,2563,2911.8,3283,189.991
482,2599,2958.15,3399,178.804
483,2480,2894.7,3264,209.706
484,2617,2942.15,3403,224.559
485,2593,2927.75,3287,227.374
486,2324,2914.45,3264,218.092
487,2700,2924.75,3077,98.9671
488,2631,2970.1,3339,179.31
489,2665,2966.4,3218,149.745
490,2670,2917.25,3249,147.6
491,2539,2945.6,3221,185.218
492,2568,2981.85,3291,174.027
493,2698,2964.5,3240,146.938
494,2605,2926.9,3162,162.962
495,2679,2951.45,3158,152.448
496,2574,2918.85,3185,165.725
497,2660,2955.95,3374,188.012
498,2715,2911.9,3206,126.076
499,2535,2883.05,3222,174.411
500,2590,2965.7,3414,199.395
501,2588,2867.4,3150,152.095
502,2680,2974.05,3351,177.991
503,2814,2967.45,3285,118.009
504,2677,2984.35,3355,181.469
505,2563,2902.05,3145,163.116
506,2432,2934.95,3271,223.415
507,2577,2922.75,3326,157.492
508,2700,2981.15,3256,154.061
509,2651,2975.1,3233,167.69
510,2694,2935.5,3248,133.035
511,2723,2976.05,3219,129.618
512,2617,2945.25,3376,187.246
513,2495,2923.35,3164,188.732
514,2602,2887.45,3206,179.378
515,2662,2955.55,3285,157.382
516,2577,2921.95,3297,182.965
517,2471,2898.6,3180,197.808
518,2612,2929,3170,141.51
519,2626,2955.2,3276,146.015
520,2754,2955.2,3220,128.324
521,2666,2958.75,3404,201.37
522,2606,2917.3,3147,161.243
523,2652,2985.45,3216,141.827
524,2454,2951.05,3331,217.046
525,2567,2972.5,3333,180.295
526,2637,2852.3,3223,141.163
527,2543,2908.3,3224,174.588
528,2716,2886.7,3226,145.08
529,2589,2898.65,3207,178.214
530,2675,2924.6,3206,156.274
531,2695,2929.5,3123,124.034
532,2749,2951.05,3271,144.767
533,2604,2914.45,3085,119.716
534,2529,2898.1,3172,193.161
535,2707,2926.6,3255,144.683
536,2669,2924.65,3196,149.914
537,2706,2931.95,3065,111.645
538,2671,2938.9,3365,156.521
539,2632,2920.8,3216,137.941
540,2620,2917.15,3182,138.707
541,2688,2978.8,3292,170.622
542,2616,2958.25,3363,215.237
543,2576,2908.45,3305,184.642
544,2661,2981.3,3326,199.296
545,2523,2934.75,3167,183.358
546,2617,2894.45,3213,158.535
547,2699,2924.65,3162,111.691
548,2507,2868.55,3128,161.688
549,2649,2916.15,3234,177.159
550,2530,2851.55,3071,184.949
551,2601,2916.2,3155,161.654
552,2639,2960.15,3276,173.806
553,2643,2911.3,3210,176.013
554,2751,2920.95,3282,143.277
555,2767,3002.85,3412,164.459
556,2672,2968.95,3248,143.87
557,2564,2959.7,3287,193.019
558,2615,2996.75,3254,172.062
559,2604,2897.45,3310,180.235
560,2601,2994.1,3433,191.063
561,2607,2991.2,3263,180.987
562,2691,2959.55,3265,146.93
563,2555,2919.65,3219,168.475
564,2494,2944.95,3255,209.573
565,2741,2954.75,3265,139.24
566,2744,2953.95,3269,132.531
567,2669,3002.15,3380,177.147
568,2665,2908.95,3285,175.952
569,2632,2930.6,3183,155.188
570,2742,2970.45,3350,154.391
571,2686,2964.3,3363,172.907
572,2578,2926.1,3230,184.945
573,2578,2953.15,3129,155.79
574,2595,2879.9,3168,138.415
575,2510,2946.85,3214,194.565
576,2671,2981.9,3403,155.937
577,2735,3021.9,3278,163.617
578,2672,2955.8,3200,154.527
579,2653,2971.45,3325,179.893
580,2620,2950.15,3261,187.039
581,2680,2946.7,3217,137.51
582,2569,2886.05,3333,182.374
583,2573,2972.45,3208,151.189
584,2555,2945.7,3275,182.026
585,2782,2950.95,3165,122.247
586,2556,2956.35,3189,153.314
587,2799,3025.75,3467,154.234
588,2637,2903.45,3163,154.86
589,2766,2945.15,3254,140.251
590,2677,2958.75,3235,139.704
591,2625,2953.75,3258,162.052
592,2571,2883.95,3083,133.323
593,2603,2934.3,3271,175.614
594,2564,2980.45,3269,173.277
595,2647,2946.8,3342,163.464
596,2555,2918.95,3303,183.442
597,2482,2917.6,3312,178.386
598,2532,2885.3,3401,208.847
599,2513,2889.3,3326,179.875
600,2770,3013.15,3226,124.33
601,2571,2898.75,3171,167.985
602,2688,2871.35,3190,117.448
603,2587,2924.05,3289,183.473
604,2691,2940.1,3208,130.04
605,2572,2939.25,3215,169.12
606,2741,2981.1,3419,153.444
607,2682,2900.8,3136,134.077
608,2612,2943.65,3267,181.67
609,2519,2943.3,3337,194.413
610,2699,2911.75,3290,131.455
611,2788,2955.9,3264,135.629
612,2615,2929.9,3221,149.804
613,2505,2930.4,3315,195.046
614,2716,2949.75,3287,125.175
615,2682,3035,3370,205.903
616,2558,2990.65,3261,167.46
617,2588,2892.2,3231,173.733
618,2735,2932.45,3238,123.88
619,2758,3010.7,3357,174.313
620,2717,2954.15,3310,155.756
621,2650,2965.9,3200,130.605
622,2664,2943.7,3259,158.954
623,2626,2958.5,3227,170.142
624,2407,2875.35,3482,240.452
625,2512,2936.75,3224,164.291
626,2610,2835.5,3099,136.928
627,2795,2954.25,3317,114.239
628,2620,2979.95,3244,166.064
629,2707,2959.1,3148,135.474
630,2439,2970.1,3289,193.813
631,2568,2932.8,3389,196.052
632,2690,2993.1,3390,164.904
633,2401,2934.95,3360,210.099
634,2599,2939.95,3229,155.367
635,2613,2968.9,3286,206.053
636,2665,2951.55,3285,165.009
637,2532,2859.95,3154,175.125
638,2488,2896.25,3254,196.42
639,2744,2961.65,3185,108.557
640,2670,2913.05,3204,159.902
641,2566,2864.3,3128,149.774
642,2613,2924.05,3372,178.715
643,2592,2919.6,3272,156.189
644,2659,2948.95,3284,158.942
645,2657,2957.3,3394,173.847
646,2684,2923.6,3230,146.019
647,2681,2965.85,3257,167.812
648,2285,2967.05,3254,227.01
649,2800,3008.35,3374,150.299
650,2703,2981.3,3309,179.909
651,2460,2957.05,3229,172.615
652,2668,2907.55,3073,112.266
653,2694,2969.5,3215,146.884
654,2561,2878.6,3129,133.346
655,2728,2974.75,3428,154.915
656,2478,2908.25,3224,191.11
657,2648,2924.8,3107,102.514
658,2565,2876.15,3247,187.926
659,2582,2949.45,3232,153.143
660,2610,2948.1,3272,170.136
661,2559,2914.4,3220,160.006
662,2730,3001.1,3373,174.192
663,2593,2959.95,3296,180.453
664,2542,2935.7,3394,218.606
665,2650,2965.05,3216,164.922
666,2686,2945.95,3162,138.362
667,2580,2983.75,3493,215.287
668,2619,2920.2,3156,119.424
669,2669,2880.95,3193,142.607
670,2628,2899.45,3213,155.824
671,2549,2918.5,3270,160.685
672,2501,2873.2,3239,172.282
673,2709,2917.5,3132,125.661
674,2643,2932.75,3301,160.938
675,2589,2927.15,3180,171.316
676,2736,2969.7,3321,146.79
677,2556,2995.05,3333,205.697
678,2797,2997.25,3358,161.472
679,2650,2968.75,3250,182.474
680,2513,2963.75,3168,135.634
681,2490,2873.7,3219,189.712
682,2503,2926.05,3307,195.746
683,2671,2925.7,3241,152.183
684,2619,2890.3,3262,172.498
685,2516,2897.25,3226,193.195
686,2736,2976.6,3242,128.065
687,2723,2940.5,3261,156.754
688,2815,2951.6,3135,87.5628
689,2783,3049.1,3346,155.561
690,2628,2915.8,3315,173.033
691,2521,2914.8,3154,180.896
692,2759,2996.6,3244,137.959
693,2446,2966.2,3294,208.6
694,2603,2991.7,3194,132.015
695,2561,2927.9,3228,159.204
696,2538,2908.2,3147,164.804
697,2520,2925.4,3266,174.986
698,2542,2843.95,3203,184.082
699,2605,2918.4,3100,117.122
700,2395,2931.2,3184,193.196
701,2557,2944.2,3418,213.39
702,2685,2926.7,3191,122.784
703,2611,2893.4,3178,169.268
704,2635,2919.9,3241,191.036
705,2546,2950.8,3353,192.436
706,2466,2943.3,3248,198.342
707,2601,2846.25,3134,161.475
708,2765,2987.8,3216,143.781
709,2656,2919.5,3296,162.351
710,2407,2938.5,3298,218.323
711,2567,2916.75,3169,168.22
712,2561,2923.15,3164,149.267
713,2678,2959.9,3204,175.495
714,2544,2920.75,3363,217.201
715,2640,2902.3,3112,134.923
716,2588,2884.3,3094,144.902
717,2656,2930.6,3164,135.846
718,2603,2916.8,3193,159.604
719,2551,2922.1,3197,167.748
720,2668,2953.95,3228,121.649
721,2757,2914.05,3171,113.411
722,2631,2960.95,3301,198.476
723,2689,2967.65,3364,162.056
724,2551,2915.1,3234,187.226
725,2608,2958.95,3342,199.69
726,2577,2896.2,3226,161.034
727,2597,2867.7,3088,138.47
728,2561,2926.75,3177,152.193
729,2656,2950.75,3282,155.556
730,2732,2977.35,3273,158.668
731,2652,2906.65,3184,122.236
732,2607,2892.6,3093,151.362
733,2623,2905.95,3116,141.235
734,2763,2988.9,3247,116.801
735,2687,2916.6,3254,156.931
736,2750,2969.1,3239,138.201
737,2681,2932,3292,150.303
738,2636,2934.7,3189,158.645
739,2655,2916.05,3221,170.724
740,2682,2991,3351,158.141
741,2617,2967.45,3200,192.272
742,2546,2919.15,3195,158.814
743,2625,2909.65,3227,137.195
744,2614,2961.2,3198,152.542
745,2811,2979.85,3225,117.111
746,2625,2942.65,3274,162.589
747,2717,2928,3244,172.745
748,2781,2948.1,3222,130.432
749,2632,2933.55,3355,179.57
750,2514,2898,3201,182.927
751,2658,2953.25,3142,137.448
752,2616,2946.3,3286,199.97
753,2486,2899.55,3298,208.003
754,2641,2942.45,3228,154.544
755,2747,2958.4,3190,156.314
756,2658,2996.9,3259,182.788
757,2696,2915.75,3228,129.874
758,2693,2972.7,3370,160.867
759,2753,2936.75,3160,111.377
760,2638,2947.65,3188,139.605
761,2697,2967.1,3286,171.809
762,2636,2908.6,3261,143.599
763,2572,2980.55,3216,169.888
764,2629,2908.8,3177,155.745
765,2762,2985.8,3368,165.068
766,2618,2962.25,3252,194.634
767,2695,2926.85,3171,141.524
768,2406,3013.6,3335,179.368
769,2604,2955.25,3182,162.037
770,2664,2928,3236,140.529
771,2489,2943,3377,197.343
772,2374,2849.2,3380,213.395
773,2654,2901.35,3280,169.175
774,2677,2955.25,3233,150.293
775,2773,3004.2,3300,140.25
776,2685,2985.4,3291,163.693
777,2537,2925.85,3191,173.81
778,2727,2998.8,3258,128.489
779,2658,2992.85,3361,203.869
780,2726,2981.5,3299,169.922
781,2516,2843.75,3166,197.202
782,2492,2873.1,3207,163.801
783,2536,2931.35,3211,137.646
784,2639,2936.45,3256,172.432
785,2648,2942.7,3257,143.625
786,2713,2864.85,3110,112.253
787,2640,2932.55,3375,159.804
788,2607,2938.9,3255,169.067
789,2563,2875.65,3174,175.72
790,2685,2953.9,3317,155.766
791,2672,2952,3337,175.89
792,2502,2960.3,3426,203.635
793,2618,2934.2,3271,165.345
794,2643,2977.45,3392,200.24
795,2640,2956.75,3346,156.963
796,2585,2988.8,3264,181.622
797,2489,2949.7,3248,175.793
798,2752,2964.1,3232,133.382
799,2620,2887.95,3189,176.935
800,2578,2868.7,3193,162.658
801,2677,2969.9,3399,201.691
802,2701,2958.6,3096,105.801
803,2665,2957.95,3398,195.251
804,2635,2943.95,3242,122.511
805,2523,2916.45,3168,168.787
806,2567,2980.95,3246,167.962
807,2654,2912.65,3303,201.202
808,2590,3055.35,3312,188.285
809,2555,2918.95,3301,176.014
810,2664,2935.35,3245,171.998
811,2516,2924.55,3260,202.519
812,2665,2954.8,3218,149.806
813,2803,2994.9,3349,140.771
814,2734,2954.5,3153,122.656
815,2561,2931.75,3149,133.933
816,2799,2987.55,3212,115.967
817,2620,2954.35,3184,159.624
818,2678,2961.8,3186,147.554
819,2511,2933.6,3178,174.439
820,2579,3000.15,3317,159.541
821,2725,2961.7,3207,140.051
822,2602,2909.85,3137,139.787
823,2635,2926.9,3289,175.263
824,2639,2886.35,3166,147.794
825,2705,2960,3147,129.529
826,2696,2934.7,3231,137.791
827,2631,2917.4,3168,139.719
828,2651,2903.55,3319,154.879
829,2701,2988.3,3318,174.738
830,2658,2946.9,3261,188.376
831,2710,2931.7,3087,103.034
832,2547,2924.55,3159,171.473
833,2604,2901.4,3314,148.413
834,2684,2926.75,3321,151.208
835,2645,2895.3,3363,148.628
836,2537,2922.55,3305,179.864
837,2708,2971.95,3375,162.223
838,2628,3005.25,3441,202.63
839,2636,2977.5,3364,197.392
840,2767,2930.75,3268,146.142
841,2706,2999.25,3194,144.806
842,2516,2911.95,3227,212.792
843,2527,2961.55,3280,209.42
844,2663,3013.2,3309,176.134
845,2624,2865.1,3113,141.921
846,2694,2986.85,3330,142.479
847,2627,2952.15,3284,174.12
848,2704,2967.15,3234,145.935
849,2656,2934.4,3176,148.352
850,2675,2906.45,3117,125.566
851,2744,3004.65,3454,181.015
852,2700,2951.05,3138,137.517
853,2553,2981.35,3212,175.719
854,2763,3020.8,3493,173.543
855,2652,2918.6,3241,146.136
856,2562,2951.85,3286,202.177
857,2621,2872.25,3086,126.939
858,2602,2877.8,3107,146.787
859,2618,2927.15,3282,172.321
860,2602,2927.35,3277,177.955
861,2721,2931.3,3235,130.885
862,2594,2912.95,3226,138.017
863,2580,2939.3,3151,155.206
864,2678,2871.75,3136,114.813
865,2720,2897.1,3150,100.526
866,2731,2970.2,3218,121.834
867,2513,2961.9,3243,196.798
868,2752,2928.1,3129,107.972
869,2649,2931.25,3219,159.341
870,2663,2938.2,3146,155.368
871,2625,2935.45,3134,146.819
872,2583,2855.2,3095,142.423
873,2434,2903.4,3116,190.086
874,2621,2956.35,3450,176.518
875,2451,2921.9,3386,194.867
876,2431,2923.5,3136,159.318
877,2639,2935.05,3222,146.858
878,2663,2901.65,3130,134.254
879,2700,2932.1,3322,162.801
880,2687,3034.15,3274,149.336
881,2577,2947.7,3241,186.048
882,2672,2992.95,3234,169.463
883,2748,2973.35,3283,152.29
884,2586,2957.25,3217,155.492
885,2598,2961.2,3347,192.739
886,2678,2946.5,3292,147.601
887,2808,2997,3313,127.547
888,2564,2884,3142,146.196
889,2678,2909.95,3169,160.21
890,2683,2940.3,3215,130.729
891,2784,2959.1,3144,111.687
892,2524,2886.3,3496,213.504
893,2715,2973.5,3258,129.946
894,2608,2983.9,3302,167.306
895,2745,2994.15,3496,190.653
896,2841,2965.65,3202,87.2016
897,2782,2991.55,3370,136.501
898,2689,2981.1,3382,187.068
899,2657,3012.35,3322,159.442
900,2725,3045.1,3311,160.159
901,2680,2978,3259,166.714
902,2661,2935.25,3254,188.537
903,2546,2918.75,3134,178.437
904,2560,2897.25,3400,160.673
905,2593,2919.65,3156,168.195
906,2559,2901.5,3183,164.231
907,2548,2939.25,3167,167.321
908,2622,2880.75,3135,169.683
909,2702,2919.5,3265,131.033
910,2791,3048.9,3239,131.326
911,2744,2871.25,3060,91.6072
912,2585,2952.9,3278,172.408
913,2687,2898.35,3184,140.827
914,2564,2928,3215,175.322
915,2683,2981.05,3243,144.606
916,2693,2977.2,3188,126.591
917,2611,2907.6,3229,180.204
918,2468,2973.8,3252,212.009
919,2624,2962.35,3289,186.18
920,2694,2982.3,3215,139.804
921,2549,2910.75,3194,178.715
922,2574,2923.25,3218,179.155
923,2648,2973.35,3269,141.752
924,2688,2899.55,3110,130.973
925,2618,2958.2,3210,149.091
926,2708,2991.55,3344,162.179
927,2586,2894.6,3195,202.816
928,2679,2962.65,3298,150.929
929,2536,2919.8,3319,175.174
930,2489,2907.45,3249,187.24
931,2641,2943.55,3195,162.236
932,2566,2904.65,3218,168.438
933,2617,2975.55,3211,153.158
934,2718,2981.95,3239,148.726
935,2646,2895.35,3189,142.226
936,2634,2897.55,3168,159.313
937,2606,2921.9,3267,146.397
938,2476,2934.7,3288,223.768
939,2519,2904.6,3165,183.376
940,2742,2943.75,3231,143.05
941,2648,2946.95,3332,179.177
942,2638,2955.25,3273,151.497
943,2769,2998.45,3238,147.582
944,2692,2940.15,3174,108.211
945,2489,2982.05,3260,196.706
946,2612,2987.6,3436,205.232
947,2734,2981.05,3215,129.7
948,2628,2935.6,3297,170.169
949,2509,2967.1,3332,202.442
950,2749,2980.4,3289,144.482
951,2631,2921.4,3248,161.153
952,2619,2897.35,3145,137.378
953,2604,2942.75,3330,161.503
954,2720,2938.15,3317,146.627
955,2377,2865.5,3427,239.86
956,2623,2993.1,3362,193.894
957,2572,2964.55,3259,158.263
958,2500,2904.65,3140,151.824
959,2745,3011.45,3237,158.252
960,2554,2903.8,3208,169.615
961,2653,2941.7,3292,173.038
962,2765,2956.15,3124,99.9516
963,2655,2929.2,3245,171.275
964,2719,2982.75,3149,102.229
965,2651,2936.7,3235,166.067
966,2635,2950.15,3228,159.118
967,2511,2957.05,3366,190.756
968,2608,2919.15,3157,143.514
969,2579,3009.45,3501,213.375
970,2681,2983.2,3374,171.057
971,2540,2897.8,3464,225.319
972,2514,2960.65,3204,160.655
973,2615,2929.05,3195,156.757
974,2699,2971.45,3332,170.38
975,2683,2916.95,3224,152.938
976,2737,2962.45,3347,155.991
977,2723,2935.55,3157,133.656
978,2555,2902.95,3074,144.538
979,2674,2967.35,3308,154.493
980,2630,2919.9,3249,165.188
981,2655,3008.65,3421,173.723
982,2607,2998.6,3324,187.925
983,2635,2907.7,3225,162.131
984,2574,2939.25,3198,188.589
985,2636,2962.25,3394,178.216
986,2757,2949.45,3100,96.1148
987,2551,2894.1,3285,191.159
988,2657,2960.95,3262,187.393
989,2589,2877.95,3208,154.704
990,2565,2945,3343,171.064
991,2781,3032.95,3329,164.634
992,2462,2940.4,3441,195.493
993,2525,2936.75,3191,161.776
994,2672,2969.5,3181,118.778
995,2744,3019.1,3340,161.69
996,2498,2925.75,3171,174.559
997,2584,2909.05,3298,188.954
998,2458,2915.65,3311,185.168
999,2584,2897.2,3178,161.665
1000,2699,2993.35,3417,163.474
1001,2797,2994.1,3126,93.6701
1002,2601,2941.2,3278,213.568
1003,2501,2938.4,3131,160.815
1004,2596,2843.65,3098,117.658
1005,2613,2904.8,3172,155.963
1006,2636,2963.5,3342,185.831
1007,2595,2988.4,3527,223.644
1008,2689,2962.95,3207,139.852
1009,2636,2942.6,3222,160.771
1010,2697,2939.35,3290,160.727
1011,2428,2865.7,3203,188.273
1012,2583,2948.7,3207,163.936
1013,2733,2940.9,3175,130.056
1014,2603,2895.05,3338,163.402
1015,2643,2936.7,3225,171.493
1016,2609,2922.65,3215,149.703
1017,2703,2998.1,3246,135.978
1018,2693,2951.2,3348,170.739
1019,2571,2921.05,3145,148.104
1020,2599,2974.7,3219,155.931
1021,2744,3017.65,3266,142.491
1022,2579,2887.75,3162,164.729
1023,2468,2853.9,3326,214.414
1024,2523,2893.2,3204,188.553
1025,2652,3006.35,3354,156.266
1026,2762,2984.1,3186,123.135
1027,2584,2892.45,3233,181.54
1028,2747,2926.4,3217,120.882
1029,2582,2925.05,3174,154.209
1030,2678,2997.65,3227,143.048
1031,2570,2918.15,3148,186.005
1032,2636,2873.95,3079,118.757
1033,2613,2938.9,3300,159.708
1034,2562,2912.5,3289,194.53
1035,2468,2924.55,3212,190.642
1036,2684,2952.8,3226,151.115
1037,2684,2968.8,3273,158.513
1038,2693,2977.7,3338,190.26
1039,2600,2898.4,3302,188.56
1040,2634,2943.45,3238,182.976
1041,2584,2919.05,3181,170.927
1042,2588,2984.75,3239,168.539
1043,2584,2898.5,3198,157
1044,2703,3007.95,3328,175.77
1045,2769,2963.1,3162,111.236
1046,2557,2923.45,3216,161.724
1047,2567,2954.9,3414,199.51
1048,2752,2895.35,3201,113.51
1049,2749,2965.2,3252,139.596
1050,2686,2947.6,3211,142.654
1051,2680,2935.45,3237,142.882
1052,2632,2950.65,3314,183.065
1053,2642,2964.3,3274,182.262
1054,2620,2939,3174,147.424
1055,2555,2883.7,3226,180.361
1056,2641,2879.05,3115,147.476
1057,2745,2965.55,3231,117.247
1058,2540,2943.9,3309,200.324
1059,2684,2980.65,3231,160.125
1060,2717,2967.8,3242,145.982
1061,2738,2964.1,3290,178.608
1062,2588,2929.75,3349,213.589
1063,2503,2877.1,3292,193.479
1064,2685,2921.3,3190,146.785
1065,2613,2957,3234,147.715
1066,2644,2974.9,3330,161.915
1067,2615,2969.8,3160,147.665
1068,2613,2936.2,3367,225.539
1069,2365,2922.65,3209,174.953
1070,2750,2976.3,3235,135.489
1071,2500,2903.75,3315,171.471
1072,2560,2940.5,3185,162.345
1073,2630,2907.8,3218,146.634
1074,2527,2868.3,3185,153.512
1075,2555,2917.2,3352,168.311
1076,2617,2877.95,3135,140.658
1077,2727,2960.6,3329,134.966
1078,2709,2914.2,3333,152.148
1079,2533,2881.25,3215,173.209
1080,2688,2921.35,3137,124.115
1081,2627,2949.05,3220,166.673
1082,2588,2969.35,3276,197.747
1083,2707,2960.9,3364,180.934
1084,2707,3005.7,3296,145.154
1085,2711,2969,3349,159.213
1086,2603,2950.15,3304,161.388
1087,2562,2989.85,3428,210.732
1088,2476,2884.4,3125,180.45
1089,2542,3002.1,3439,233.313
1090,2645,2882.8,3091,119.169
1091,2719,2935.05,3204,154.098
1092,2592,2961.6,3390,201.357
1093,2499,2860.15,3182,173.864
1094,2636,2950.7,3258,170.511
1095,2636,2910.4,3137,133.981
1096,2660,2953.3,3182,140.088
1097,2649,2961.25,3252,153.135
1098,2539,2879.55,3091,157.662
1099,2621,2893,3123,139.858
1100,2705,2947.35,3208,130.167
1101,2612,2922.6,3168,146.788
1102,2656,2957.8,3128,134.751
1103,2686,2927.3,3138,136.575
1104,2635,2887.6,3217,156.92
1105,2623,2954.4,3229,120.834
1106,2754,2958.9,3379,151.66
1107,2558,2947.2,3307,164.335
1108,2561,2861,3155,133.895
1109,2659,2938.7,3148,132.136
1110,2548,2931.3,3213,171.264
1111,2697,2947.6,3195,98.1975
1112,2665,2973.35,3250,151.239
1113,2632,2992.7,3376,200.696
1114,2617,2904.5,3114,110.191
1115,2695,3019.4,3364,183.039
1116,2532,2951.6,3158,138.426
1117,2604,2963.35,3441,191.598
1118,2463,2861.65,3158,180.62
1119,2560,2956.3,3354,212.363
1120,2664,3028.55,3349,171.858
1121,2502,2967.8,3341,189.372
1122,2595,2918.15,3306,206.255
1123,2815,3009.35,3277,125.215
1124,2623,2916.15,3336,195.248
1125,2622,2860.2,3320,159.039
1126,2600,2905.55,3272,137.591
1127,2638,2910.95,3206,151.892
1128,2678,2957.35,3264,166.518
1129,2630,3028.9,3365,170.128
1130,2715,2934.7,3276,155.369
1131,2758,2986.55,3428,190.966
1132,2638,2937.1,3269,159.557
1133,2677,3000.35,3481,188.44
1134,2651,2962.55,3286,170.484
1135,2574,2925.15,3301,174.653
1136,2522,2885.5,3243,176.065
1137,2652,2958.85,3380,161.483
1138,2595,2973.6,3320,172.139
1139,2481,2871.65,3197,200.044
1140,2699,2951.3,3159,121.039
1141,2455,2911.5,3261,231.38
1142,2777,2977.9,3257,139.704
1143,2503,2972.4,3373,201.812
1144,2553,2915,3147,142.993
1145,2612,2968.35,3376,204.068
1146,2752,2972.8,3324,137.028
1147,2653,2896,3138,136.706
1148,2721,3018.15,3308,157.788
1149,2504,2931.25,3149,159.115
1150,2741,2909.5,3110,108.867
1151,2598,2929.95,3290,186.45
1152,2631,2893.9,3086,133.078
1153,2679,2914.25,3268,135.19
1154,2494,2954.3,3211,144.108
1155,2617,2967.5,3317,182.512
1156,2608,2994.85,3299,157.255
1157,2625,2896.55,3207,138.517
1158,2693,2917.85,3191,150.699
1159,2473,2915.75,3137,165.677
1160,2720,2979,3242,120.848
1161,2610,2925.05,3298,186.99
1162,2740,2987.15,3282,143.762
1163,2647,2869.4,3040,110.437
1164,2337,2882.95,3169,213.477
1165,2670,2951.95,3419,200.658
1166,2596,2958.45,3239,159
1167,2600,2949.85,3192,135.473
1168,2610,2949.85,3398,177.871
1169,2716,2983.75,3219,152.385
1170,2615,2920.85,3133,139.067
1171,2663,2944.45,3156,142.483
1172,2560,2961.2,3190,136.457
1173,2553,2952.9,3178,159.947
1174,2622,2919.3,3206,154.306
1175,2583,2912.6,3293,172.384
1176,2591,2996.45,3248,174.172
1177,2623,2981.8,3326,190.884
1178,2491,2887.5,3281,218.191
1179,2632,2947.75,3183,158.309
1180,2572,2937,3289,173.84
1181,2665,3031.05,3424,202.148
1182,2578,2954,3261,153.896
1183,2689,2910.4,3139,137.098
1184,2589,2861.25,3109,134.826
1185,2562,2943.7,3379,205.141
1186,2582,2891.85,3207,168.607
1187,2684,2935.65,3261,172.526
1188,2638,2906.95,3245,177.439
1189,2671,2967.85,3197,163.049
1190,2662,2981.25,3346,149.539
1191,2653,2932.95,3115,123.045
1192,2708,2973.55,3276,153.437
1193,2598,2919.35,3218,168.42
1194,2595,2890.5,3186,174.081
1195,2566,2931.8,3290,169.545
1196,2743,2997.8,3370,167.532
1197,2642,2894,3193,170.092
1198,2633,2964.5,3310,167.769
1199,2710,2962.95,3333,173.785
1200,2580,2927.85,3114,140.411
1201,2602,2975,3303,198.199
1202,2635,2924.45,3225,182.573
1203,2398,2943.45,3285,235.251
1204,2610,2883.1,3215,161.592
1205,2743,3002.4,3272,151.701
1206,2696,2937.6,3141,120.459
1207,2571,3006.25,3290,176.25
1208,2663,3019.35,3284,139.258
1209,2687,2918.25,3091,118.31
1210,2639,2978.35,3305,178.451
1211,2628,2948.45,3265,173.217
1212,2630,2871.5,3164,150.584
1213,2588,2922.45,3243,166.433
1214,2631,2954,3287,170.348
1215,2618,2936.2,3204,160.357
1216,2704,2972.9,3381,183.04
1217,2622,2918.6,3202,154.362
1218,2698,2959.65,3215,147.765
1219,2491,2922.35,3216,196.984
1220,2377,2899.65,3264,222.455
1221,2808,2985.75,3231,116.457
1222,2597,3005.05,3309,190.92
1223,2496,2915.4,3267,213.923
1224,2690,2958.1,3331,167.432
1225,2695,3006.55,3372,161.896
1226,2706,2955.3,3276,171.642
1227,2707,2945.55,3179,143.662
1228,2671,2951.4,3173,168.565
1229,2667,2873.95,3122,129.115
1230,2692,2996.45,3478,163.439
1231,2412,2932.4,3195,197.028
1232,2581,2852.25,3136,144.787
1233,2629,2926.2,3125,150.418
1234,2675,2928.65,3437,165.789
1235,2663,2927,3184,127.39
1236,2473,2966.95,3424,214.708
1237,2521,2865.5,3369,254.119
1238,2695,2920.35,3313,164.147
1239,2641,2900.85,3257,170.422
1240,2512,2907.45,3116,144.139
1241,2687,2965.3,3147,140.105
1242,2832,3004.1,3199,86.5181
1243,2694,2955.1,3254,130.475
1244,2752,2984.65,3168,135.677
1245,2674,2902.25,3146,148.114
1246,2541,2992.4,3199,172
1247,2562,2948.9,3268,183.576
1248,2612,3013.5,3385,227.851
1249,2516,2962,3169,185.424
1250,2552,2945.25,3197,176.511
1251,2534,2858.7,3109,154.497
1252,2639,2981.7,3204,171.331
1253,2590,2937.75,3270,153.277
1254,2609,2976.5,3250,159.98
1255,2637,2975.2,3276,184.777
1256,2606,2993.55,3265,173.424
1257,2543,2969,3297,180.379
1258,2621,2908.4,3336,195.785
1259,2629,2940.85,3281,171.391
1260,2672,2922.6,3207,176.149
1261,2642,2940.25,3308,167.116
1262,2580,2921.65,3268,153.444
1263,2646,2986.6,3203,158.972
1264,2445,2958.5,3203,160.01
1265,2746,2963.25,3135,104.891
1266,2619,2958.4,3244,164.194
1267,2653,2997.5,3281,168.139
1268,2728,2948.55,3311,134.9
1269,2664,2972.9,3386,186.495
1270,2754,2983.8,3471,190.535
1271,2603,2886.35,3293,172.552
1272,2481,2938.2,3362,210.727
1273,2717,2964.6,3278,149.421
1274,2489,2978.75,3304,175.95
1275,2634,2934.3,3200,166.917
1276,2603,2967.7,3274,179.373
1277,2608,2976.6,3297,185.993
1278,2579,2913,3187,171.21
1279,2667,2868.75,3181,133.944
1280,2691,2977,3265,168.406
1281,2720,2900.35,3094,92.4106
1282,2712,2980.05,3229,164.878
1283,2731,2973.45,3205,148.654
1284,2473,2933.25,3326,183.975
1285,2554,2936.7,3298,165.994
1286,2591,2918.3,3230,164.361
1287,2525,2920.15,3281,156.776
1288,2570,2898.25,3274,160.682
1289,2706,2922.7,3143,129.748
1290,2597,2913.5,3265,180.523
1291,2565,2928.5,3291,160.784
1292,2720,2992.25,3176,107.745
1293,2603,2978.15,3258,165.707
1294,2670,2955.35,3263,147.03
1295,2614,2912.05,3243,171.824
1296,2508,2931.1,3163,148.649
1297,2592,2952.85,3200,170.388
1298,2589,2927.8,3148,163.365
1299,2603,3016.7,3288,176.119
1300,2565,2926.75,3401,218.495
1301,2510,2883.3,3236,168.129
1302,2630,2959.05,3427,183.857
1303,2618,2923.2,3327,216.312
1304,2651,2904.35,3105,138.317
1305,2490,2911.2,3218,175.925
1306,2466,2919.45,3404,220.281
1307,2676,2969.8,3241,161.69
1308,2735,2949.1,3235,135.857
1309,2678,2961.4,3344,172.191
1310,2709,2955.2,3342,205.83
1311,2715,2975.15,3272,143.029
1312,2693,2994.45,3196,136.437
1313,2463,2962.5,3397,233.732
1314,2699,2957,3265,129.83
1315,2713,2953.25,3251,149.68
1316,2570,2941.35,3292,171.172
1317,2665,2946.65,3120,131.044
1318,2654,2964.45,3347,178.614
1319,2528,2985.9,3383,197.806
1320,2688,2977.7,3377,164.373
1321,2676,2967.8,3271,169.918
1322,2515,2950.25,3246,187.277
1323,2616,2913.05,3248,163.009
1324,2542,2905.7,3266,160.38
1325,2565,2936.5,3275,192.428
1326,2688,2993.2,3183,116.763
1327,2503,2873.5,3311,204.87
1328,2755,2952.9,3279,139.494
1329,2669,2927.2,3226,180.526
1330,2540,2886.9,3204,156.936
1331,2707,2940.3,3252,141.682
1332,2623,2934.9,3322,189.924
1333,2703,2907.7,3189,147.924
1334,2738,2992.9,3311,173.592
1335,2547,2949.15,3226,182.851
1336,2692,2993.65,3275,172.807
1337,2606,2877.1,3142,146.093
1338,2669,3012.55,3297,156.754
1339,2812,3020.3,3296,129.933
1340,2783,2958.7,3206,110.437
1341,2649,2932.3,3178,154.866
1342,2509,2888.15,3352,212.631
1343,2645,2934.25,3179,163.364
1344,2674,2911.4,3144,136.553
1345,2704,2943.6,3186,138.576
1346,2626,2918.65,3292,156.757
1347,2611,3017.05,3321,154.963
1348,2663,2948.55,3313,169.697
1349,2633,2983.85,3266,172.636
1350,2592,2942.25,3207,167.695
1351,2516,2996.45,3429,202.11
1352,2572,2965,3343,170.685
1353,2767,2970.75,3310,145.321
1354,2625,2897.65,3202,145.851
1355,2691,2965,3267,179.638
1356,2589,2968.8,3287,171.632
1357,2733,2941.2,3180,124.542
1358,2854,3001,3154,69.9371
1359,2719,2948.05,3183,143.453
1360,2694,2963.7,3217,148.726
1361,2582,2903.5,3188,143.785
1362,2741,2929.75,3395,163.709
1363,2742,3005.65,3247,148.94
1364,2631,2998.85,3231,138.086
1365,2560,2894.85,3144,144.876
1366,2590,2926.55,3320,194.271
1367,2815,2989.05,3138,87.7072
1368,2596,2861.25,3215,151.412
1369,2628,2977.7,3439,208.885
1370,2385,2959.15,3461,226.331
1371,2525,2913.3,3268,193.101
1372,2559,2958.2,3258,169.913
1373,2585,2896.95,3254,180.853
1374,2570,2940.5,3258,154.94
1375,2664,2966.8,3350,173.421
1376,2710,3015.35,3541,198.41
1377,2695,2941.55,3198,119.011
1378,2546,2997.7,3213,179.32
1379,2603,2951.5,3185,128.741
1380,2646,2929.35,3263,156.403
1381,2683,3012.9,3404,196.422
1382,2703,2916.25,3186,133.115
1383,2426,2956.1,3285,186.777
1384,2476,2890.3,3117,170.525
1385,2716,2975.25,3276,153.362
1386,2663,2931.05,3120,138.147
1387,2507,2998.55,3234,189.925
1388,2667,2945.3,3185,128.594
1389,2703,2964.65,3264,121.012
1390,2352,2907.05,3195,189.439
1391,2678,2904.2,3125,119.765
1392,2565,2942.1,3348,188.399
1393,2612,2885.35,3180,124.659
1394,2613,2942.5,3105,139.914
1395,2585,2918.8,3215,195.963
1396,2498,2886.5,3222,151.636
1397,2680,2952.4,3112,120.301
1398,2448,2957,3355,216.1
1399,2648,2912.65,3288,153.144
1400,2606,2874.2,3137,152.818
1401,2734,2980.4,3390,173.116
1402,2639,2979.3,3256,156.527
1403,2659,2855.05,3129,133.644
1404,2679,3002.95,3225,160.158
1405,2695,2962.35,3224,141.138
1406,2634,2958.25,3175,162.023
1407,2586,2970.2,3261,170.825
1408,2575,2937.55,3299,190.808
1409,2584,2969.95,3290,189.741
1410,2761,3000.3,3385,151.972
1411,2624,2944.5,3438,212.152
1412,2716,2977.65,3280,143.225
1413,2638,2964.55,3269,187.526
1414,2493,2966.15,3318,192.301
1415,2629,2927.75,3437,187.001
1416,2609,2947.25,3390,173.138
1417,2671,2941.5,3333,162.701
1418,2727,3020.05,3255,137.372
1419,2729,2984.85,3322,160.942
1420,2670,2978.3,3303,144.455
1421,2613,2957.05,3449,197.734
1422,2564,2892,3114,151.915
1423,2558,2910.5,3199,184.432
1424,2564,2908,3224,184.349
1425,2479,2867.9,3151,158.458
1426,2597,2943.05,3323,164.512
1427,2761,2956.25,3342,139.442
1428,2577,2948.9,3416,189.154
1429,2694,2924.05,3278,161.784
1430,2782,2978.7,3352,145.533
1431,2686,2962,3349,164.624
1432,2607,2924.3,3335,203.293
1433,2622,2944.75,3227,167.266
1434,2556,2894.35,3160,155.633
1435,2698,2928.35,3132,139.851
1436,2680,2965.3,3164,131.753
1437,2635,2987.25,3261,150.499
1438,2704,2975.05,3244,177.824
1439,2705,2994,3306,140.388
1440,2689,2923.4,3238,146.607
1441,2334,2830.75,3126,180.925
1442,2580,2812.5,3182,136.802
1443,2644,2916,3143,131.716
1444,2779,3082.45,3379,161.082
1445,2620,2959.2,3260,170.152
1446,2652,2837.95,3112,139.362
1447,2573,2986.4,3517,195.166
1448,2618,2943.95,3239,152.333
1449,2711,2965,3412,173.299
1450,2712,2993.5,3238,132.162
1451,2608,2916,3160,146.25
1452,2601,2875.8,3149,169.97
1453,2696,2998,3449,210.216
1454,2561,2910.35,3188,165.583
1455,2658,3049.95,3372,173.629
1456,2535,2925.6,3312,187.342
1457,2547,2936.55,3288,207.687
1458,2595,2946.85,3143,145.17
1459,2560,2932.15,3346,192.283
1460,2727,2958.55,3316,153.815
1461,2713,2992.55,3226,143.3
1462,2534,2940.05,3210,166.211
1463,2535,2885.55,3196,166.182
1464,2646,2964.65,3191,123.4
1465,2540,2934.25,3321,187.37
1466,2799,2958.85,3351,118.859
1467,2692,2943.35,3182,142.054
1468,2679,2965.55,3265,131.788
1469,2490,2951.85,3256,162.477
1470,2545,2963.95,3292,202.447
1471,2527,2935.65,3418,203.102
1472,2601,2935.8,3409,172.244
1473,2574,2990.65,3252,184.563
1474,2591,2884.05,3186,184.949
1475,2701,2934.3,3187,120.377
1476,2604,2944.5,3253,157.402
1477,2580,2879.65,3290,144.68
1478,2605,2976.35,3214,163.846
1479,2635,2870.65,3183,137.962
1480,2695,2958.05,3272,138.121
1481,2604,2925.3,3109,141.745
1482,2595,2917.05,3276,169.279
1483,2637,2972.8,3336,180.028
1484,2700,2994.6,3268,131.908
1485,2495,2900,3126,181.284
1486,2726,2956.6,3309,130.331
1487,2625,2941.05,3168,143.618
1488,2602,2941.3,3281,174.991
1489,2623,2944.65,3350,195.337
1490,2784,2947.9,3160,94.6245
1491,2773,2962.8,3218,123.287
1492,2764,3006.95,3232,123.221
1493,2651,2967.05,3286,180.411
1494,2500,2921.6,3276,238.534
1495,2672,2907.25,3174,161.153
1496,2623,2930.05,3145,155.65
1497,2653,2930.7,3287,171.286
1498,2663,2886.05,3308,185.798
1499,2423,2953.7,3262,202.792
1500,2678,3009.35,3227,163.567
