1,2679,2920.1,3216,141.944
2,2538,2969.25,3320,183.019
3,2768,2976.1,3205,138.263
4,2639,2917.5,3166,154.648
5,2629,2993.25,3280,167.758
6,2616,2898,3203,185.654
7,2703,2936,3226,161.636
8,2611,2932.75,3133,130.344
9,2707,2931.35,3183,138.903
10,2610,2905.8,3184,164.145
11,2610,2891.05,3165,148.862
12,2618,2974,3348,182.721
13,2711,2988.25,3395,178.263
14,2676,2917.6,3225,157.016
15,2618,2955.3,3143,123.342
16,2772,2968.4,3223,141.436
17,2728,2915.65,3113,110.086
18,2583,2885,3237,177.097
19,2815,3004.05,3186,122.611
20,2560,2900.9,3204,177.036
21,2672,2962.35,3282,168.922
22,2627,2902.35,3127,121.085
23,2514,2967.05,3293,166.127
24,2614,2850.55,3133,113.682
25,2524,2960.4,3428,200.244
26,2554,2947.65,3220,169.949
27,2746,2927.1,3148,126.075
28,2457,2920.15,3353,210.795
29,2552,2940.65,3147,170.54
30,2675,2971.05,3251,153.148
31,2633,2932.25,3209,151.386
32,2575,2891.6,3309,193.103
33,2613,2971.7,3232,180.521
34,2632,2933.5,3253,148.945
35,2660,2925,3354,162.944
36,2469,2870.35,3181,167.276
37,2584,2900.15,3204,171.182
38,2614,2980.2,3359,170.984
39,2643,2904.85,3113,157.177
40,2616,2985.05,3240,162.047
41,2591,2968.2,3359,191.035
42,2772,2969.05,3166,119.115
43,2606,2948.25,3233,169.188
44,2559,2930.1,3233,174.557
45,2518,2939.15,3101,163.004
46,2595,2965.75,3396,193.571
47,2607,2955.3,3214,150.461
48,2629,2914.95,3494,175.172
49,2637,2919.9,3158,130.915
50,2697,2948.75,3244,141.558
51,2430,2879.15,3222,200.104
52,2603,2932.6,3230,139.411
53,2641,2908.05,3162,153.441
54,2627,2948.4,3260,167.97
55,2663,2950.15,3161,136.449
56,2652,2928.95,3310,156.489
57,2673,2968.3,3341,174.759
58,2696,2986.3,3250,143.247
59,2689,3024.15,3266,149.528
60,2554,2930.2,3263,168.498
61,2629,2929.15,3188,149.787
62,2565,2959.5,3222,176.666
63,2622,2993.15,3303,192.587
64,2584,2927.2,3314,166.995
65,2636,2970.45,3346,146.556
66,2728,3019.4,3282,153.605
67,2665,2925.85,3239,168.872
68,2368,2896.15,3246,189.789
69,2574,2958.15,3273,166.404
70,2658,2930.85,3137,126.075
71,2758,2978.3,3216,116.036
72,2707,2971.1,3279,149.83
73,2691,2933.4,3113,132.233
74,2683,2933.45,3158,142.124
75,2729,2969.35,3349,165.187
76,2765,2968.55,3235,131.292
77,2651,2965.45,3305,174.763
78,2440,2888.55,3194,170.748
79,2605,2938.3,3335,195.098
80,2423,2928.3,3250,177.621
81,2688,2999.45,3305,166.188
82,2519,2870.15,3257,222.17
83,2728,2929.9,3083,97.036
84,2623,2999.15,3345,165.62
85,2685,2911.6,3144,152.973
86,2589,2904,3102,135.773
87,2661,2951.05,3368,166.416
88,2726,2978.25,3210,154.584
89,2698,2949.25,3337,157.014
90,2662,2863.3,3098,111.337
91,2641,2906.6,3096,117.588
92,2629,2980.9,3311,194.403
93,2705,2917.15,3214,151.691
94,2605,2912.4,3193,156.553
95,2509,2954.25,3222,163.135
96,2755,3015.05,3486,182.316
97,2732,3009.55,3280,133.654
98,2702,2978.2,3330,175.057
99,2609,2904.7,3148,169.671
100,2751,2950.05,3212,135.804
101,2731,2927.5,3261,142.093
102,2693,2944.3,3220,141.553
103,2743,2964.35,3345,151.829
104,2752,2954.8,3350,163.612
105,2583,3013.6,3308,188.91
106,2593,2973.35,3214,154.868
107,2702,2982.25,3201,155.24
108,2628,2965.05,3284,164.781
109,2686,2899.65,3128,131.366
110,2767,3022.9,3305,149.868
111,2498,2878.8,3267,185.873
112,2595,2928.45,3301,184.369
113,2521,2892.85,3321,161.677
114,2621,2945.85,3211,172.742
115,2677,2958.05,3187,132.572
116,2562,2869.8,3141,150.919
117,2709,2982.6,3372,183.388
118,2783,2922.95,3189,116.984
119,2587,2908.85,3068,117.617
120,2563,2933.9,3151,137.072
121,2696,2928.85,3206,141.193
122,2541,2905.7,3229,199.629
123,2745,2963.95,3313,161.221
124,2591,2918.3,3300,186.44
125,2702,2995.15,3288,174.764
126,2678,2951.15,3142,134.543
127,2719,2954.5,3197,112.221
128,2628,2940.25,3132,136.476
129,2754,2981.3,3578,169.569
130,2718,3008.55,3436,222.628
131,2780,2986,3299,142.456
132,2715,2971.2,3348,149.806
133,2600,2936,3462,195.401
134,2742,2913.8,3175,117.2
135,2688,2957.2,3218,154.462
136,2686,2958.55,3276,155.228
137,2658,2964.15,3305,135.501
138,2444,2902.6,3238,168.015
139,2617,2869.55,3232,140.198
140,2654,2908.1,3214,140.936
141,2568,2949.9,3179,138.392
142,2736,2990.2,3387,189.147
143,2589,2968.2,3398,199.711
144,2683,2944.1,3204,153.948
145,2661,2974.55,3264,171.185
146,2592,2935.1,3242,183.403
147,2574,2936.3,3169,157.942
148,2691,2937.75,3325,155.272
149,2518,2887.95,3127,138.838
150,2613,2938.65,3245,179.955
151,2776,2981.2,3159,125.456
152,2734,3002.45,3359,150.035
153,2645,2986.2,3386,178.707
154,2759,3006.7,3253,137.077
155,2522,2889.5,3329,229.035
156,2670,2949.55,3334,163.517
157,2656,2927.7,3151,144.988
158,2555,2978.55,3292,185.469
159,2652,2938.75,3262,184.239
160,2781,2973.85,3285,161.084
161,2601,2953.3,3262,162.019
162,2692,2964.75,3252,135.912
163,2646,2953.1,3219,169.961
164,2682,2939.45,3310,176.746
165,2438,2904.8,3248,173.347
166,2628,2900,3235,174.163
167,2504,2894.95,3142,180.599
168,2659,2951.85,3394,165.2
169,2701,3000.15,3305,152.543
170,2699,2940.4,3163,131.045
171,2706,3019.25,3377,167.011
172,2704,2932.85,3254,143.224
173,2552,2944.8,3365,194.606
174,2651,2955.9,3263,148.537
175,2561,2921.95,3202,171.307
176,2626,2883.8,3202,178.847
177,2486,2870.8,3086,162.703
178,2689,2931.9,3164,141.3
179,2534,2963.4,3196,163.967
180,2613,2889.3,3116,143.56
181,2502,2993.75,3280,185.176
182,2616,2907.05,3236,149.58
183,2656,2958.5,3210,138.648
184,2614,3017.95,3358,185.286
185,2629,2934.65,3209,177.953
186,2380,2880.05,3426,239.915
187,2669,2950.25,3377,147.878
188,2494,2924.15,3233,173.233
189,2430,2928.6,3290,193.996
190,2634,2868.2,3213,160.552
191,2718,2900.65,3111,104.641
192,2725,2968.1,3340,162.521
193,2754,3023.4,3326,159.935
194,2633,2962.3,3282,145.033
195,2493,2889.15,3264,210.787
196,2665,3012.3,3243,156.126
197,2700,2983.35,3322,154.798
198,2574,2910.05,3386,177.639
199,2714,2936.45,3424,156.133
200,2551,2902.85,3292,155.8
201,2570,2891.4,3188,156.942
202,2683,2934.1,3214,142.945
203,2588,2963.95,3227,164.707
204,2508,2939.3,3336,229.681
205,2640,2908.25,3195,153.896
206,2760,2900.85,3181,108.29
207,2724,2938.45,3177,124.353
208,2541,2890.9,3145,203.219
209,2672,2958.65,3268,175.252
210,2623,2884.85,3220,166.8
211,2535,2913.7,3227,165.68
212,2551,2929.5,3267,176.817
213,2655,2933.8,3299,159.855
214,2674,2939.1,3244,142.125
215,2528,2904.05,3262,181.642
216,2437,2892,3126,158.871
217,2416,2851.55,3198,181.564
218,2548,2843.35,3144,159.242
219,2677,2922.35,3194,124.04
220,2713,2922.35,3341,152.778
221,2745,2966.4,3225,119.105
222,2663,2953.5,3251,143.335
223,2714,2924.95,3184,124.094
224,2718,3015.45,3205,134.71
225,2735,2984.65,3291,156.851
226,2654,2939.75,3180,154.225
227,2683,2919.7,3199,148.541
228,2712,2923.35,3246,151.889
229,2523,2974.35,3339,198.855
230,2440,2853.35,3191,193.105
231,2790,2927.35,3174,99.6239
232,2491,2913.45,3122,163.467
233,2554,2946.7,3226,180.6
234,2583,2920.25,3267,183.629
235,2697,2924.1,3243,148.77
236,2545,2893.1,3197,156.586
237,2611,2926.1,3251,162.658
238,2657,2871.35,3089,130.329
239,2686,2991.85,3299,158.985
240,2387,2923.35,3224,196.054
241,2730,2958.25,3298,154.277
242,2695,2910.4,3316,179.004
243,2620,2929.95,3376,203.23
244,2722,2969.9,3280,176.228
245,2559,2948.65,3186,152.89
246,2625,2917.95,3117,138.024
247,2602,2881.8,3267,153.018
248,2599,2921.45,3120,133.744
249,2648,2951.05,3265,162.097
250,2671,2948,3297,176.558
251,2629,2956.1,3266,164.885
252,2552,2890.55,3305,187.679
253,2668,2928.4,3270,158.261
254,2620,2917.35,3291,165.264
255,2681,2941.05,3307,165.196
256,2541,2961.7,3276,209.293
257,2601,2897.55,3220,126.025
258,2630,2948.75,3190,152.275
259,2717,2933.7,3222,141.183
260,2702,2954.95,3264,119.878
261,2495,2893.75,3243,192.535
262,2759,3033.6,3320,164.875
263,2628,2908,3152,131.735
264,2702,2967.1,3222,160.59
265,2656,2903.5,3244,138.968
266,2759,2951.5,3282,146.207
267,2644,2961.65,3393,179.459
268,2617,2951.3,3258,162.969
269,2639,2919.5,3259,157.035
270,2532,2952.55,3376,224.901
271,2772,3000.55,3284,147.948
272,2614,2970.8,3225,164.256
273,2532,2937.2,3249,182.774
274,2653,2982.95,3207,160.385
275,2658,2865.75,3174,137.522
276,2658,2976.4,3404,197.203
277,2719,2981,3123,108.919
278,2729,3000.4,3381,192.38
279,2660,2947.35,3298,163.856
280,2549,2911.5,3302,175.646
281,2616,2941.9,3227,159.134
282,2571,2929.15,3129,146.501
283,2572,2933.1,3230,155.917
284,2700,2913.85,3175,135.763
285,2721,2896.85,3154,108.322
286,2803,2974.95,3181,103.25
287,2644,2941.3,3226,170.897
288,2725,2987.6,3297,147.82
289,2600,2898.2,3326,164.021
290,2611,2941.25,3246,171.001
291,2728,2925.85,3398,133.762
292,2493,2846.95,3148,164.487
293,2412,2876.25,3406,193.857
294,2716,2958.6,3499,182.108
295,2598,2913.3,3336,175.731
296,2723,2906.55,3130,107.892
297,2620,2909.65,3229,161.956
298,2751,2997.15,3155,108.649
299,2577,2932.65,3352,199.848
300,2705,3006.25,3201,129.599
301,2492,2909.5,3224,173.833
302,2401,2969.3,3219,206.787
303,2642,2949.85,3160,151.292
304,2604,2993.65,3316,191.623
305,2734,2946.2,3277,154.843
306,2709,2965.75,3163,120.755
307,2581,2891.45,3167,159.242
308,2664,2987.4,3276,164.452
309,2621,2937.35,3194,166.097
310,2585,2856.45,3061,135.787
311,2657,2986.1,3373,189.427
312,2754,2960.75,3319,139.719
313,2712,2963.55,3139,112.521
314,2784,3002.2,3336,151.392
315,2591,3006.25,3531,199.375
316,2560,2880.65,3232,170.318
317,2634,2923.9,3426,178.98
318,2755,2963,3216,117.337
319,2636,2964.3,3422,197.429
320,2697,2866.65,3077,122.157
321,2766,2960.85,3191,118.882
322,2591,2944.65,3158,174.085
323,2754,2977.8,3363,157.721
324,2597,2980.15,3314,172.791
325,2500,2904.55,3134,142.886
326,2649,2928.6,3226,157.253
327,2606,2909.55,3293,198.999
328,2609,2923.4,3155,155.654
329,2653,2938.45,3169,138.176
330,2637,2948,3247,171.584
331,2645,3017,3235,158.519
332,2593,2932.35,3177,143.349
333,2643,2947.35,3259,154.717
334,2682,2954.3,3395,178.253
335,2631,2935.5,3231,171.953
336,2574,2891.2,3239,190.052
337,2615,2893.65,3266,178.966
338,2678,2991.4,3205,135.966
339,2682,3001.85,3289,178.708
340,2612,2926.75,3328,173.796
341,2662,2949.15,3336,189.155
342,2559,2889.15,3147,159.959
343,2617,2989.55,3176,145.67
344,2611,2934.3,3356,183.949
345,2628,2934.45,3189,133.511
346,2556,2931.2,3354,185.227
347,2432,2915.45,3170,169.448
348,2479,2936.45,3334,180.986
349,2746,2921.8,3201,129.959
350,2725,2945.85,3200,134.631
351,2632,2943,3298,176.061
352,2647,2974.9,3245,147.263
353,2505,2930.5,3383,189.924
354,2566,2923.75,3275,190.456
355,2714,2923.6,3200,152.719
356,2754,2932.45,3344,135.203
357,2726,2948.15,3107,127.448
358,2748,2971,3245,141.297
359,2626,2972.05,3299,191.102
360,2715,2986.8,3276,176.098
361,2617,2944.1,3383,205.763
362,2697,2937.25,3176,152.32
363,2644,2913.15,3229,164.432
364,2660,2910.2,3239,171.106
365,2633,2912.9,3205,151.529
366,2617,2949.8,3213,145.808
367,2599,2899.65,3231,157.614
368,2481,2920.05,3296,214.561
369,2713,2970.55,3290,161.401
370,2624,2897.55,3159,154.093
371,2758,3010.2,3362,136.964
372,2593,2942.35,3198,179.453
373,2750,3008.3,3275,137.564
374,2689,2954.55,3314,131.098
375,2568,2948.95,3243,201.454
376,2688,2946.45,3249,160.201
377,2635,2928.6,3229,150.11
378,2706,2956.6,3169,142.585
379,2549,2964.25,3277,196.393
380,2497,2909,3144,173.371
381,2535,2851.4,3151,168.973
382,2738,3012.4,3397,177.974
383,2675,2962.15,3239,167.832
384,2395,2949.85,3170,180.572
385,2717,2953.45,3380,150.222
386,2660,2973.15,3210,140.146
387,2461,2923.95,3407,200.446
388,2599,2916.6,3170,156.62
389,2786,3018.15,3233,114.44
390,2693,2949.4,3269,156.524
391,2705,2948.2,3292,140.853
392,2533,2905.1,3114,164.272
393,2591,2918.9,3266,183.882
394,2701,2910.55,3199,152.726
395,2671,2944.35,3232,143.556
396,2567,2926.1,3258,171.567
397,2475,2935.55,3213,174.501
398,2460,2867.9,3283,191.069
399,2748,3017.7,3307,144.221
400,2637,2884.4,3119,154.453
401,2613,2907.9,3086,121.527
402,2730,2984,3363,165.501
403,2531,2944.05,3308,194.754
404,2745,2978.95,3311,136.796
405,2491,3001.2,3341,217.227
406,2563,2935.85,3263,168.552
407,2574,2963.7,3225,157.612
408,2573,2858.85,3207,158.433
409,2683,2923.7,3256,141.826
410,2597,2877.8,3176,181.44
411,2610,2926.1,3385,178.703
412,2639,2949.45,3290,168.252
413,2524,2991,3271,188.232
414,2589,2969.75,3284,194.085
415,2598,2936.25,3152,153.114
416,2690,2986.4,3331,178.121
417,2565,2860.25,3091,141.908
418,2692,2999.8,3412,171.654
419,2524,2907.15,3208,179.911
420,2737,2947.05,3285,146.408
421,2643,2951.75,3233,165.406
422,2540,2943.4,3276,192.957
423,2633,2929.95,3281,166.317
424,2671,2943.4,3209,161.66
425,2636,2906.75,3302,168.565
426,2383,2893.65,3175,213.748
427,2329,2981.35,3207,217.231
428,2686,2994.3,3465,168.959
429,2695,2927.05,3272,134.909
430,2693,2928.05,3185,145.417
431,2652,2952.3,3324,163.364
432,2726,2982.05,3308,168.875
433,2439,2956.4,3397,208.675
434,2620,2937.05,3125,139.072
435,2586,2868.55,3308,159.766
436,2656,2914.05,3226,139.18
437,2678,2917.3,3197,125.411
438,2538,2952.2,3266,171.041
439,2661,2941.5,3339,166.772
440,2729,2946.4,3239,153.892
441,2705,3018.25,3248,150.781
442,2664,2923.8,3429,207.477
443,2625,2918.45,3376,186.679
444,2574,2939,3237,204.272
445,2602,2925.75,3169,153.325
446,2620,2946.75,3163,153.709
447,2658,2915.95,3188,166.416
448,2563,2972.6,3256,170.356
449,2530,2946.1,3179,137.798
450,2530,2924.55,3307,168.996
451,2512,2938.4,3214,160.003
452,2598,2938.55,3298,164.095
453,2611,2856.9,3356,166.394
454,2461,3016,3305,230.296
455,2550,2938.25,3231,159.514
456,2747,2961.4,3316,130.738
457,2645,2906.7,3346,155.503
458,2674,2919.55,3295,157.823
459,2634,2965.95,3290,163.117
460,2594,2955.55,3433,207.978
461,2722,2978.7,3289,153.05
462,2611,2876.7,3274,171.067
463,2764,2952.05,3146,110.723
464,2737,2990.75,3235,147.24
465,2613,2897.25,3237,152.312
466,2709,2944.55,3148,129.975
467,2775,2971.65,3279,151.787
468,2721,2917.2,3239,138.831
469,2486,2928.75,3377,219.87
470,2729,2930.25,3135,115.027
471,2780,2977.9,3315,153.67
472,2710,2994.2,3305,121.831
473,2529,2961.3,3313,197.027
474,2522,2970.65,3267,172.255
475,2702,2982.5,3294,154.775
476,2502,3022.45,3340,196.191
477,2688,2954,3330,153.674
478,2636,2942.65,3188,176.213
479,2767,2986.1,3273,147.648
480,2650,2919.55,3179,162.5
481,2762,2982.4,3340,177.411
482,2707,2957.45,3193,129.77
483,2628,2851.85,3050,115.148
484,2657,2931.4,3143,137.158
485,2464,2960.75,3256,213.41
486,2703,2965.5,3201,140.102
487,2640,2956.05,3255,188.008
488,2611,2989.9,3273,182.068
489,2620,2973.5,3273,175.609
490,2674,2913.4,3125,131.443
491,2700,2955.7,3303,196.288
492,2478,2910.3,3268,169.547
493,2692,2940.7,3351,179.427
494,2573,2886.35,3118,154.416
495,2585,2957.5,3358,186.575
496,2610,2903.05,3147,146.384
497,2517,2855.2,3204,181.314
498,2560,2966.7,3300,177.808
499,2658,2910.9,3185,146.286
500,2650,2973.2,3339,178.103
501,2750,3010.55,3295,160.341
502,2641,2920.4,3256,151.863
503,2567,2903.55,3248,166.028
504,2467,2933,3222,211.852
505,2686,2976.85,3293,165.05
506,2565,2894.65,3150,160.434
507,2671,2953.3,3203,160.232
508,2495,2922.1,3245,191.456
509,2653,2931.95,3272,175.431
510,2696,2907.55,3204,133.443
511,2643,2962.6,3219,153.859
512,2664,2916.4,3406,171.598
513,2668,2904.4,3240,133.887
514,2296,2935.25,3405,222.295
515,2643,2910.25,3161,154.244
516,2663,2972.65,3232,138.178
517,2423,2926.8,3327,186.988
518,2705,2931.45,3219,140.555
519,2534,2945.6,3515,244.626
520,2603,2911.25,3294,182.892
521,2608,3004.55,3302,156.562
522,2762,2970.6,3232,119.934
523,2484,2958.25,3322,183.909
524,2750,2997.65,3208,145.569
525,2410,2908.75,3235,162.875
526,2671,2964.7,3260,161.608
527,2717,2967.25,3161,124.844
528,2557,2975,3243,201.07
529,2741,2982.35,3188,121.559
530,2713,2967.05,3279,144.538
531,2625,2919,3277,150.901
532,2367,2979.1,3400,243.175
533,2464,2814.95,3105,190.042
534,2570,2948.3,3240,206.343
535,2651,2944.7,3376,172.746
536,2611,2898.8,3324,183.175
537,2574,2907.2,3183,151.372
538,2657,2977.05,3344,178.047
539,2678,2904.7,3239,163.606
540,2666,2950.75,3146,129.121
541,2778,2995.6,3187,113.123
542,2628,2904.25,3276,160.762
543,2597,2898,3260,193.663
544,2752,2969.7,3252,162.22
545,2658,2942.45,3230,143.336
546,2550,2851,3152,190.252
547,2713,3047.85,3483,181.123
548,2626,2961.6,3225,152.543
549,2342,2934.2,3353,240.839
550,2609,2942.7,3266,189.064
551,2459,2911.05,3140,173.455
552,2770,2968.6,3248,137.957
553,2662,2995.3,3331,183.651
554,2418,2929.25,3291,203.725
555,2508,2963.95,3234,159.008
556,2731,2948.2,3323,153.334
557,2727,3031.05,3537,194.869
558,2540,2885.4,3259,180.037
559,2667,2944.3,3176,133.79
560,2719,2947.1,3203,138.224
561,2649,2985.95,3335,179.361
562,2716,2951.05,3278,157.335
563,2665,2966.55,3274,147.808
564,2678,2973.1,3262,160.832
565,2647,2925.25,3206,154.302
566,2635,2924.5,3413,164.274
567,2582,2903.05,3091,143.384
568,2412,2880.45,3326,220.041
569,2631,2970.45,3197,145.286
570,2505,2950,3453,235.43
571,2704,2981,3371,188.614
572,2506,2920.8,3218,181.373
573,2682,2886.85,3145,103.925
574,2598,2930.7,3203,162.815
575,2619,2956.85,3285,158.643
576,2599,2964.5,3343,169.938
577,2522,2908.65,3244,198.852
578,2749,2971.3,3306,140.373
579,2622,2983.55,3273,168.164
580,2677,3003.15,3288,177.149
581,2568,2943.35,3238,188.972
582,2717,2977.05,3256,157.866
583,2696,2947.8,3276,164.843
584,2611,2911.9,3278,192.719
585,2602,2967.05,3383,191.26
586,2633,2880.05,3319,184.543
587,2618,2901.05,3258,202.244
588,2637,2953.75,3378,195.914
589,2580,2910.2,3292,196.838
590,2620,2916.95,3248,152.018
591,2467,2970.4,3265,183.684
592,2408,2934.4,3278,219.632
593,2584,2969.4,3340,188.945
594,2702,3023.25,3311,153.691
595,2528,2972.85,3231,172.895
596,2597,2893.8,3352,197.821
597,2715,2958.7,3218,139.529
598,2606,2979.2,3387,163.752
599,2638,2916.5,3223,164.027
600,2564,2861.5,3200,179.705
601,2592,2906.85,3246,187.892
602,2698,2893.95,3249,143.249
603,2532,2899.65,3225,163.587
604,2451,2967.8,3245,213.268
605,2687,2875.95,3305,132.199
606,2579,2919.1,3167,148.729
607,2597,2915.75,3271,177.929
608,2683,2958.8,3265,164.122
609,2653,2916.95,3176,123.983
610,2652,2948.3,3296,164.444
611,2549,2902.85,3313,204.8
612,2448,2896.1,3188,152.489
613,2641,2952.75,3262,193.744
614,2657,2960.8,3180,141.67
615,2706,2927.8,3239,163.002
616,2640,3027.4,3327,161.327
617,2718,2946.8,3211,153.613
618,2535,2858.8,3268,184.78
619,2575,3010.55,3321,166.629
620,2614,2929.4,3269,181.943
621,2632,2953.3,3382,198.711
622,2681,2950,3132,130.593
623,2527,2911.8,3205,142.819
624,2637,2911,3165,150.937
625,2646,2874.3,3177,144.754
626,2551,2923.9,3284,180.96
627,2461,2924.6,3178,181.201
628,2628,2932.95,3171,163.318
629,2681,2939.5,3236,132.547
630,2678,2953.15,3283,163.632
631,2572,2903,3145,140.555
632,2552,2931.8,3245,175.102
633,2683,2901.9,3130,133.956
634,2603,2872.7,3271,191.018
635,2560,2952.35,3406,194.583
636,2532,2932.35,3264,185.705
637,2667,2853.8,3040,110.417
638,2478,2899.2,3177,196.909
639,2720,2950.5,3324,165.665
640,2779,3015.9,3354,165.906
641,2790,3008.2,3168,103.553
642,2709,2985.25,3244,147.768
643,2514,2890.7,3125,174.928
644,2765,2945.2,3176,114.746
645,2583,2933.75,3269,174.136
646,2633,2924.75,3188,167.148
647,2588,2930.1,3343,186.883
648,2612,2891.85,3183,187.215
649,2625,2896.65,3239,142.399
650,2654,2924.8,3326,161.185
651,2724,2929,3172,132.875
652,2495,2893,3366,191.098
653,2596,2951.95,3224,160.841
654,2506,2902.65,3126,174.648
655,2697,2957.5,3323,152.24
656,2755,2987.35,3240,149.795
657,2622,2913.7,3147,139.229
658,2560,2916.55,3326,168.671
659,2756,3009.75,3181,130.627
660,2711,2997.2,3413,175.284
661,2586,2903.85,3313,152.053
662,2425,2951.3,3213,183.772
663,2705,2902.35,3203,129.582
664,2715,2962.8,3231,133.634
665,2582,2884.45,3221,192.081
666,2707,2940.15,3257,140.792
667,2767,2945.65,3125,111.944
668,2538,2926.6,3349,188.253
669,2643,2945.2,3276,170.836
670,2619,2953.35,3189,144.923
671,2648,2984.5,3249,162.671
672,2489,2939.15,3381,210.216
673,2476,2968.55,3237,188.89
674,2572,2947.15,3274,160.556
675,2576,2943.1,3236,162.851
676,2603,2853.7,3213,138.5
677,2589,2892.15,3235,160.521
678,2726,2966.7,3213,123.392
679,2661,3001.75,3268,185.461
680,2582,2923,3135,138.601
681,2617,2959.2,3181,166.588
682,2660,2940.95,3223,163.303
683,2569,2926.4,3263,180.096
684,2647,2927.6,3237,164.422
685,2729,2952.25,3214,149.255
686,2619,2894.1,3245,184.09
687,2657,2932.4,3139,112.142
688,2605,2938.55,3382,197.532
689,2634,2891.5,3204,147.638
690,2614,2918,3338,193.336
691,2692,2985,3411,179.435
692,2756,2984.6,3257,130.321
693,2634,2972.4,3425,203.847
694,2691,2937.9,3425,169.241
695,2686,2894.55,3089,96.4051
696,2587,2878.3,3314,171.419
697,2700,2938.8,3247,148.558
698,2578,2939.25,3311,173.181
699,2549,2955.25,3318,180.894
700,2637,2982.5,3337,171.191
701,2602,2919.85,3390,204.488
702,2706,3007.8,3321,184.135
703,2737,2971.45,3316,162.306
704,2600,2939.7,3271,183.452
705,2585,2879,3274,194.81
706,2651,3010.2,3320,190.703
707,2668,2995.75,3246,156.948
708,2613,2864.25,3134,155.945
709,2786,3011.55,3313,168.614
710,2641,2928.1,3306,188.62
711,2679,2939.8,3225,141.612
712,2526,2984.35,3266,205.923
713,2683,2959,3291,173.288
714,2642,2969.25,3266,144.815
715,2769,2947.9,3148,113.049
716,2697,2993.9,3301,157.662
717,2552,2915.5,3247,147.239
718,2600,2922.8,3271,192.899
719,2568,2894.6,3507,218.716
720,2619,2946.15,3209,163.9
721,2598,2908.15,3300,152.497
722,2706,2933.05,3179,141.21
723,2676,2981.05,3239,156.226
724,2572,2885.8,3187,156.894
725,2601,2881.2,3154,172.372
726,2804,2992.75,3371,132.28
727,2550,2972.3,3331,170.038
728,2600,2970.55,3193,146.722
729,2569,2935.35,3404,225.068
730,2718,2954.85,3240,147.194
731,2640,2945.05,3372,176.475
732,2529,2955.15,3289,191.12
733,2651,2906.25,3132,130.69
734,2488,2957.85,3251,197.315
735,2565,2915.4,3327,170.162
736,2591,2866.7,3155,169.323
737,2600,2910.7,3125,142.57
738,2547,2905.95,3258,180.459
739,2796,2986.15,3270,125.39
740,2579,2958.9,3343,219.479
741,2543,2909.95,3142,190.557
742,2687,2951.8,3166,135.169
743,2746,3008.1,3284,167.873
744,2619,2860.9,3128,146.406
745,2596,2955.7,3342,204.45
746,2601,2897.05,3247,176.712
747,2628,2988,3248,155.55
748,2665,2949.4,3301,158.37
749,2654,2919.5,3225,159.355
750,2684,2890.8,3181,152.995
751,2737,2934.25,3195,144.202
752,2720,2963.1,3182,116.254
753,2564,2938,3142,148.168
754,2720,2935.3,3200,105.593
755,2696,2979.45,3243,148.161
756,2648,2904.75,3259,146.229
757,2594,2903.7,3153,162.785
758,2276,2914.9,3276,201.534
759,2631,2943,3381,142.652
760,2622,2995.3,3288,169.674
761,2685,2884.05,3199,144.571
762,2639,2933.95,3132,139.91
763,2690,2958.55,3365,178.559
764,2516,2919.6,3157,189.307
765,2642,2918.05,3248,149.81
766,2629,2940.65,3229,139.776
767,2502,2895.55,3221,182.737
768,2560,2893.7,3146,145.677
769,2742,2911.2,3184,117.036
770,2805,2993,3318,120.977
771,2670,2992.95,3233,131.648
772,2573,2879.95,3323,219.346
773,2777,2937.9,3159,126.535
774,2726,2930.6,3174,130.775
775,2727,2922.25,3194,143.407
776,2519,2920.25,3201,172.159
777,2581,2916.95,3195,156.55
778,2680,2941.2,3289,182.209
779,2618,2986.6,3227,156.449
780,2759,3003.25,3384,156.265
781,2752,2961.55,3401,161.262
782,2427,2988.75,3214,183.041
783,2593,2925.7,3295,168.27
784,2624,2987.5,3201,138.677
785,2551,2901.5,3316,172.246
786,2594,2955.35,3251,172.965
787,2736,2931.95,3134,117.849
788,2567,2882.95,3111,164.935
789,2722,2995.2,3284,151.157
790,2547,2936.3,3242,151.113
791,2563,2925.55,3203,154.454
792,2678,2860.5,3148,141.63
793,2576,2940.9,3268,174.964
794,2674,2954.65,3169,134.761
795,2615,2980.7,3379,185.53
796,2564,2897,3220,192.615
797,2644,2939.05,3262,179.612
798,2759,2948.4,3278,135.032
799,2530,2950.2,3292,192.183
800,2616,2981.55,3289,165.715
801,2758,2980.2,3136,111.839
802,2643,2909.25,3401,175.746
803,2650,2934.8,3175,155.993
804,2665,2920.65,3112,126.441
805,2594,2978.85,3449,206.037
806,2660,2934.9,3379,186.538
807,2566,2906,3179,164.425
808,2717,2933.65,3253,125.106
809,2614,2940.85,3341,162.282
810,2394,2909.25,3064,174.813
811,2694,2918.45,3198,111.303
812,2638,2895.1,3252,154.355
813,2640,2981.55,3251,163.237
814,2543,2913.35,3458,186.112
815,2618,2910.3,3242,166.261
816,2713,2913.3,3325,181.207
817,2467,2931.25,3266,210.462
818,2673,2931.2,3188,132.828
819,2720,2941.8,3303,157.783
820,2516,2887.45,3084,135.049
821,2561,2964.65,3226,168.046
822,2543,2949.1,3260,215.67
823,2688,2963.4,3237,159.461
824,2573,2967.05,3164,134.765
825,2683,2925.3,3326,154.92
826,2753,2967,3151,123.634
827,2556,2963.1,3300,163.233
828,2650,2941.35,3126,113.658
829,2611,2896.45,3147,142.852
830,2712,2949.7,3240,146.32
831,2671,2971,3329,172.657
832,2591,2861.65,3117,134.554
833,2707,2957.9,3336,160.094
834,2559,2903.65,3255,167.534
835,2705,2972.15,3338,184.201
836,2531,2949.1,3342,192.291
837,2520,2902.3,3253,169.382
838,2663,2975.55,3461,240.98
839,2643,2900,3320,163.149
840,2678,2941.9,3327,170.623
841,2699,2946.25,3307,179.495
842,2509,2971.55,3187,196.778
843,2600,3004.3,3301,191.835
844,2669,2951.6,3266,160.318
845,2522,2914.15,3266,172.474
846,2672,2916.5,3158,138.007
847,2738,2989.4,3236,147.633
848,2669,2950.3,3283,161.282
849,2672,2941.9,3229,152.329
850,2677,2987,3203,142.754
851,2617,2952.5,3188,164.903
852,2701,3009.75,3215,142.922
853,2618,2892.25,3154,130.187
854,2682,2963.4,3374,165.183
855,2778,2949.7,3130,102.085
856,2229,2869.05,3254,224.35
857,2532,2914.75,3186,156.068
858,2607,2918.7,3168,128.353
859,2663,2931.5,3284,140.133
860,2780,2982.8,3261,124.5
861,2743,2977.3,3182,133.726
862,2730,2955.35,3226,142.042
863,2424,2922.95,3392,218.418
864,2564,2894.75,3220,171.24
865,2573,2955.2,3247,186.752
866,2582,2832.5,3059,138.365
867,2707,2961.75,3244,120.416
868,2676,2983.15,3213,146.485
869,2654,2938.25,3201,147.201
870,2574,2844.8,3171,163.124
871,2517,2920.05,3271,203.645
872,2641,2969.7,3277,142.287
873,2740,2968.6,3245,137.454
874,2668,2935.85,3231,134.562
875,2676,2987.35,3274,165.882
876,2563,2947.65,3160,146.855
877,2678,2967.6,3219,148.381
878,2670,2929.75,3261,159.662
879,2671,2957.4,3276,189.139
880,2604,2973.9,3212,153.227
881,2665,2970.95,3268,165.807
882,2688,2918.6,3144,121.634
883,2437,2940.35,3395,229.981
884,2382,2850,3125,194.835
885,2643,2944.5,3265,154.129
886,2678,2906.25,3312,170.021
887,2657,2941.5,3293,160.382
888,2794,3064.6,3325,137.587
889,2772,3003.4,3176,118.113
890,2613,2970.6,3261,166.374
891,2729,2950.75,3413,189.226
892,2695,2989.3,3352,189.991
893,2419,2977.15,3330,195.557
894,2691,2894.75,3226,127.022
895,2645,2926.35,3274,175.375
896,2741,2955.9,3321,139.926
897,2536,2915.35,3161,154.238
898,2716,2963.3,3342,153.506
899,2463,2959.3,3243,198.684
900,2629,2952.4,3233,146.958
901,2580,2971.75,3345,202.257
902,2634,2974.65,3244,156.113
903,2713,2966.75,3435,168.575
904,2546,2945.95,3207,160.619
905,2798,2951.95,3166,103.593
906,2538,2911.75,3130,164.893
907,2670,2927.55,3308,158.231
908,2603,2962,3228,156.407
909,2646,2960,3333,191.556
910,2677,2997.95,3339,154.086
911,2682,3007.25,3316,180.537
912,2759,2958.9,3256,159.006
913,2675,2971.95,3153,132.668
914,2517,3036.25,3363,185.257
915,2515,2943.1,3305,195.624
916,2484,3008.6,3342,220.2
917,2650,2968,3240,142.221
918,2350,2912.5,3201,195.268
919,2670,2994,3315,171.894
920,2591,2918.05,3203,165.329
921,2653,2968.7,3325,180.729
922,2734,2981.6,3538,186.675
923,2464,2943.3,3215,179.303
924,2510,2911.55,3203,166.998
925,2718,2981.2,3288,157.619
926,2626,2928.8,3223,159.485
927,2629,2975.8,3339,172.07
928,2738,2978.95,3204,123.536
929,2593,2929.45,3253,194.077
930,2673,2921.4,3191,140.562
931,2664,2981.95,3263,167.57
932,2518,2968.95,3352,204.674
933,2480,2892.6,3161,175.351
934,2721,2981.95,3432,199.96
935,2692,2991.55,3236,139.363
936,2672,2996.55,3343,176.859
937,2723,2923.3,3183,138.686
938,2645,2956.7,3244,156.572
939,2663,2949.55,3258,160.363
940,2591,2954.8,3196,154.082
941,2569,2918.2,3268,173.091
942,2713,2881.2,3093,105.164
943,2582,2973.65,3450,172.222
944,2569,2895.1,3158,166.901
945,2528,2892.3,3100,144.326
946,2630,2930.9,3208,145.856
947,2666,2896.25,3196,152.507
948,2762,2978.8,3215,131.759
949,2679,2908.2,3234,170.774
950,2586,2927.25,3234,204.154
951,2694,2951.9,3323,164.775
952,2455,2994.45,3373,226.233
953,2592,2948,3249,166.612
954,2522,2961,3237,177.204
955,2655,3042.45,3381,166.027
956,2617,2983.65,3345,211.688
957,2653,2977.15,3210,145.228
958,2694,2973.35,3326,167.741
959,2714,2932.9,3195,146.743
960,2736,2963.9,3213,127.786
961,2665,2923.45,3219,170.518
962,2522,2935.45,3450,225.445
963,2517,2953.05,3391,212.948
964,2620,2949.05,3447,171.989
965,2497,2964.75,3150,165.837
966,2534,2883.7,3331,186.048
967,2703,2926.05,3244,148.826
968,2757,2948.95,3231,123.802
969,2646,2925.65,3229,156.912
970,2643,2970.1,3305,196.548
971,2585,2948.6,3195,159.382
972,2700,2944.55,3257,162.437
973,2690,2939.3,3252,149.794
974,2616,2905.15,3174,171.899
975,2646,2970.8,3398,178.858
976,2661,2923.2,3268,154.043
977,2731,2961.4,3284,164.289
978,2616,2914.75,3201,160.462
979,2637,2936.4,3186,118.018
980,2652,3000.25,3297,175.815
981,2665,2918.2,3287,147.009
982,2723,2931.85,3209,125.829
983,2790,2977.05,3288,129.727
984,2594,2932.35,3299,206.764
985,2701,2899.3,3176,111.685
986,2670,2924.2,3146,147.567
987,2673,2952.5,3209,150.714
988,2686,2921.6,3268,179.641
989,2554,2984.35,3312,184.984
990,2662,3026.1,3425,173.782
991,2752,2970.75,3285,145.491
992,2515,2900.8,3284,160.674
993,2507,2944.95,3239,190.564
994,2727,2957.35,3335,178.811
995,2688,2984.1,3192,120.602
996,2579,2981.45,3320,168.935
997,2604,2911.5,3325,159.998
998,2696,2960,3163,136.394
999,2621,2910.55,3233,182.195
1000,2768,2968.8,3237,135.607
1001,2645,2896.45,3208,161.487
1002,2670,2944,3213,157.915
1003,2656,2935.3,3253,152.156
1004,2575,2976.1,3300,185.796
1005,2607,2963.3,3349,200.647
1006,2694,2956.4,3284,174.949
1007,2663,2980.8,3277,135.941
1008,2614,2942.75,3339,170.145
1009,2686,2943.25,3238,156.396
1010,2681,2918.3,3112,129.592
1011,2516,2907.3,3179,163.75
1012,2532,2886.15,3255,197.17
1013,2474,2918.6,3195,142
1014,2544,2966,3254,183.748
1015,2506,2939.55,3161,169.787
1016,2677,2893.35,3333,144.91
1017,2617,2910.2,3163,140.679
1018,2695,2912.7,3237,149.969
1019,2405,2881.2,3303,202.441
1020,2692,2957.05,3244,141.797
1021,2604,2889.35,3136,164.642
1022,2433,2923.1,3255,205.859
1023,2578,2938.25,3220,154.843
1024,2711,2975.7,3227,138.821
1025,2548,2901.35,3270,170.282
1026,2489,2889.2,3185,184.792
1027,2637,2940.2,3309,178.707
1028,2762,2994.9,3259,139.073
1029,2743,2951.15,3254,142.473
1030,2590,2858.85,3268,193.671
1031,2633,2958.35,3388,170.665
1032,2648,2989.65,3286,166.578
1033,2536,2860.2,3118,178.831
1034,2755,2970.35,3211,120.661
1035,2569,2926,3175,147.75
1036,2732,2958.4,3310,149.179
1037,2662,2949.6,3243,179.898
1038,2611,2961.75,3283,192.575
1039,2650,2964.45,3346,188.651
1040,2615,2901,3224,174.644
1041,2411,2921.85,3251,199.69
1042,2736,2942.5,3139,94.7906
1043,2577,2912.55,3239,166.047
1044,2627,2927.1,3221,140.525
1045,2623,2971.35,3308,173.718
1046,2641,2911.25,3186,156.9
1047,2640,2881.05,3301,149.975
1048,2630,2995.6,3295,171.708
1049,2640,2954.1,3286,155.288
1050,2681,2941.95,3309,171.074
1051,2627,2968.1,3399,178.854
1052,2664,2909.25,3103,133.211
1053,2393,2938.35,3287,215.701
1054,2571,2911.4,3112,139.903
1055,2659,2919.1,3150,156.012
1056,2730,3013.85,3319,171.741
1057,2528,2897.2,3193,136.566
1058,2697,2952.75,3381,169.299
1059,2643,2914.6,3213,152.698
1060,2637,2938.35,3191,137.412
1061,2827,2988.55,3261,140.704
1062,2686,2970.7,3365,180.593
1063,2574,2870.55,3117,157.852
1064,2628,2945.9,3205,158.663
1065,2740,2913.25,3314,165.327
1066,2573,3064,3344,181.042
1067,2440,2846.85,3244,211.116
1068,2697,2898.45,3171,129.444
1069,2645,2984.45,3267,150.488
1070,2665,2942.4,3215,139.351
1071,2673,2907.2,3093,115.029
1072,2518,2976.8,3356,157.057
1073,2436,2871.85,3335,223.239
1074,2621,2930.85,3298,162.655
1075,2750,2943.9,3390,139.232
1076,2704,2982.5,3412,167.179
1077,2536,2912.9,3182,200.937
1078,2723,2990.55,3226,138.268
1079,2629,2914.65,3276,163.228
1080,2764,2977.3,3230,132.427
1081,2630,2930.35,3295,187.345
1082,2586,2944.3,3208,177.218
1083,2587,2956,3311,191.213
1084,2591,2910,3306,193.118
1085,2507,2874.5,3127,180.5
1086,2605,2908.25,3155,172.041
1087,2700,2971.3,3268,176.765
1088,2663,2896.8,3110,144.81
1089,2722,2981.8,3175,140.181
1090,2752,2959.7,3123,116.092
1091,2730,2954.75,3267,145.919
1092,2459,2975.3,3378,189.881
1093,2504,2961.1,3268,181.546
1094,2739,2983.65,3300,154.929
1095,2761,2974.4,3323,164.012
1096,2479,2927.55,3260,207.352
1097,2738,2953.05,3228,154.223
1098,2412,2869.45,3189,175.043
1099,2415,2955.35,3283,214.517
1100,2612,2935.1,3143,174.423
1101,2779,2983.4,3331,139.104
1102,2468,2911.25,3257,156.974
1103,2610,2916.65,3118,130.853
1104,2600,2942.2,3296,176.532
1105,2497,2898.8,3226,200.431
1106,2678,3005.15,3414,175.847
1107,2704,2988.4,3213,139.166
1108,2613,2903.5,3196,135.329
1109,2649,2872.9,3143,124.722
1110,2579,2885.15,3192,146.848
1111,2711,2964.6,3303,154.453
1112,2620,2922.5,3176,168.571
1113,2681,2964.35,3409,170.298
1114,2673,2943.65,3407,181.677
1115,2639,2963.15,3363,143.7
1116,2715,2924.95,3081,110.969
1117,2814,2979.4,3189,116.67
1118,2502,2944.35,3361,236.229
1119,2562,2971.4,3323,158.774
1120,2682,2960.3,3267,162.114
1121,2658,2938.25,3262,158.765
1122,2758,2947.9,3193,133.536
1123,2748,2945.95,3265,135.91
1124,2551,2907,3206,173.878
1125,2647,2955.05,3237,129.424
1126,2566,2898.05,3229,177.853
1127,2386,2933.7,3338,197.897
1128,2620,2931.1,3266,153.494
1129,2674,2944.55,3283,147.491
1130,2676,2959.55,3372,166.615
1131,2665,2895.4,3159,137.14
1132,2707,2924.05,3248,130.079
1133,2786,2965.9,3308,134.083
1134,2552,2942.65,3373,161.687
1135,2587,2863.35,3115,161.135
1136,2521,2883.7,3144,157.643
1137,2613,2910.15,3323,174.19
1138,2741,2973.15,3298,151.206
1139,2726,2933.9,3202,127.539
1140,2731,2984,3465,184.329
1141,2543,2976.7,3265,188.256
1142,2676,2958.6,3320,164.79
1143,2665,2963.4,3269,148.67
1144,2583,2954.65,3315,171.365
1145,2545,2880.35,3169,176.106
1146,2604,2911.45,3224,152.052
1147,2480,2846.2,3094,158.112
1148,2512,2939.9,3227,157.679
1149,2653,3033.75,3427,188.872
1150,2622,2936.2,3359,182.761
1151,2610,2896,3180,149.132
1152,2701,2925.5,3173,109.501
1153,2715,3002.95,3408,209.869
1154,2627,2937.35,3166,149.931
1155,2615,2937.85,3325,181.475
1156,2685,2878.9,3102,126.338
1157,2621,3010.25,3223,157.599
1158,2658,2986.45,3311,177.472
1159,2517,2918.55,3336,218.353
1160,2731,2955.45,3150,127.107
1161,2614,2976.1,3332,187.639
1162,2511,2972.8,3285,174.69
1163,2631,2910.05,3191,150.41
1164,2710,2929.3,3240,143.178
1165,2679,2967.05,3195,147.146
1166,2487,2910.85,3379,229.135
1167,2563,2848.1,3157,173.457
1168,2733,2912.6,3219,140.163
1169,2789,2985.8,3441,161.407
1170,2753,2987.7,3220,148.353
1171,2606,2923.8,3206,156.972
1172,2570,2889.35,3152,161.952
1173,2614,2961.35,3355,172.096
1174,2643,2977.55,3325,165.666
1175,2769,2978.65,3283,150.415
1176,2553,2948.3,3202,174.938
1177,2666,2958.3,3255,163.137
1178,2733,2963.6,3329,151.93
1179,2636,2896,3220,156.175
1180,2660,2874.3,3150,146.817
1181,2511,2941.65,3351,215.552
1182,2553,2909.6,3407,175.401
1183,2519,2894.2,3212,162.224
1184,2659,2953.9,3429,198.206
1185,2448,2920.65,3162,175.445
1186,2643,2958.45,3176,140.437
1187,2415,2882.95,3193,190.926
1188,2654,2952.6,3288,179.046
1189,2614,2927.95,3215,159.781
1190,2560,2911.8,3261,172.495
1191,2587,2907,3217,169.569
1192,2648,2903.5,3291,167.707
1193,2521,2927.35,3171,159.386
1194,2641,2970.85,3281,169.542
1195,2581,2943.15,3265,164.023
1196,2657,2964,3402,182.787
1197,2598,2935.6,3182,158.966
1198,2641,2953.95,3392,174.246
1199,2427,2994.65,3286,200.814
1200,2571,2855.2,3001,107.976
1201,2647,3005.6,3267,169.793
1202,2730,2974.85,3255,144.159
1203,2566,2889.55,3097,146.91
1204,2523,2912.75,3256,175.203
1205,2705,2933.75,3158,130.885
1206,2672,2928.3,3176,137.008
1207,2747,2964.1,3174,138.105
1208,2637,2903.3,3160,142.158
1209,2541,2951.2,3238,170.617
1210,2388,2927.5,3242,196.663
1211,2554,2954.45,3315,195.139
1212,2722,2958.1,3236,135.391
1213,2522,2944.75,3239,202.191
1214,2576,2938.8,3365,206.066
1215,2630,2919.2,3148,151.642
1216,2544,2964.2,3312,183.17
1217,2586,2904.7,3200,162.856
1218,2569,2938.65,3144,161.637
1219,2606,2929.65,3280,174.488
1220,2520,2886.3,3170,165.858
1221,2594,2937.05,3305,170.529
1222,2530,2917,3275,181.907
1223,2592,2927.95,3343,180.824
1224,2487,2892.35,3247,146.912
1225,2670,2979.5,3400,191.941
1226,2634,2970.3,3352,187.379
1227,2574,2925.05,3195,157.738
1228,2541,2950.9,3312,207.676
1229,2676,2995.1,3177,124.944
1230,2696,2943.6,3166,140.723
1231,2520,2927.6,3182,167.507
1232,2722,3039,3341,143.623
1233,2672,3002.45,3252,137.291
1234,2661,2927.5,3193,164.862
1235,2474,2963.15,3276,200.029
1236,2570,2912.6,3289,188.875
1237,2618,2943,3293,196.3
1238,2690,2969.8,3302,152.626
1239,2701,2950.6,3432,177.995
1240,2513,2947,3233,172.194
1241,2680,2934.75,3170,147.982
1242,2561,2878.35,3233,166.246
1243,2450,2862.1,3344,205.158
1244,2672,2909.45,3366,183.773
1245,2650,2973.3,3334,193.028
1246,2755,2986,3236,132.022
1247,2619,2898.35,3243,161.029
1248,2647,2943.55,3279,183.843
1249,2522,2893.3,3406,203.852
1250,2674,2913.15,3152,148.144
1251,2622,2931.5,3396,159.644
1252,2551,2992.2,3381,164.96
1253,2727,2967,3262,133.362
1254,2739,2940.8,3189,122.133
1255,2823,3000.9,3253,115.267
1256,2548,2962.25,3429,218.441
1257,2553,2941.3,3274,171.77
1258,2658,2989.25,3277,145.875
1259,2424,2878.85,3308,206.53
1260,2627,2949,3280,156.333
1261,2600,2898.3,3487,199.968
1262,2720,2935.35,3267,166.364
1263,2475,2867.55,3214,200.463
1264,2678,2946.45,3388,175.189
1265,2519,2914.15,3214,179.602
1266,2605,2965.35,3203,141.787
1267,2674,2877.05,3130,125.831
1268,2491,2955.15,3394,215.251
1269,2468,2906.1,3210,151.328
1270,2501,2947.95,3287,216.984
1271,2599,2905.65,3286,191.15
1272,2642,2947.05,3260,172.233
1273,2667,2911.8,3300,140.089
1274,2740,2995.05,3277,162.002
1275,2652,2864.15,3354,155.128
1276,2520,2961.35,3247,170.075
1277,2478,2892.75,3203,171.763
1278,2679,2926.15,3152,144.386
1279,2536,2951.25,3284,155.463
1280,2739,2957.35,3282,125.437
1281,2534,2942.75,3228,193.362
1282,2668,2999.45,3365,180.571
1283,2645,2943.75,3207,148.063
1284,2578,2904.35,3177,169.642
1285,2760,2976.5,3372,165.627
1286,2647,2946.05,3319,210.998
1287,2706,3017.3,3254,142.037
1288,2738,2945.15,3371,129.273
1289,2607,2947.95,3231,166.696
1290,2672,2926.95,3232,173.232
1291,2561,2927.15,3195,164.26
1292,2646,3005.95,3330,196.62
1293,2562,2948.8,3310,182.606
1294,2634,2914.1,3199,149.025
1295,2609,2927.9,3188,163.003
1296,2751,2942.25,3394,145.206
1297,2714,2857.85,3046,91.6391
1298,2700,2933.75,3262,140.49
1299,2441,2907.45,3261,191.893
1300,2758,2982.1,3248,132.947
1301,2548,2960.15,3205,176.13
1302,2595,2881.3,3167,176.75
1303,2529,2940.5,3200,192.778
1304,2535,2950.15,3332,229.116
1305,2643,2916.3,3181,163.975
1306,2469,2835.45,3186,187.885
1307,2451,2899.1,3329,183.299
1308,2628,2953.4,3216,185.331
1309,2655,2971.95,3212,162.78
1310,2574,2936.55,3247,174.606
1311,2669,2955,3239,131.07
1312,2702,2985.2,3293,149.75
1313,2520,2901.95,3259,179.477
1314,2520,2958.4,3310,202.118
1315,2577,2932.35,3290,160.442
1316,2738,2961,3254,118.913
1317,2539,2914.05,3424,219.545
1318,2719,2963.45,3285,155.849
1319,2586,2927.35,3307,198.427
1320,2767,3002.95,3282,133.101
1321,2596,2977.15,3252,198.697
1322,2632,2929.25,3397,194.87
1323,2669,2944.25,3422,184.474
1324,2697,2890.65,3189,150.065
1325,2668,2997.15,3323,180.153
1326,2585,2939.9,3301,167.97
1327,2625,2929.35,3250,187.624
1328,2666,2919.7,3351,148.372
1329,2384,2852.6,3209,226.055
1330,2514,2960.3,3279,204.914
1331,2669,2934.5,3119,142.109
1332,2598,2867.1,3090,161.704
1333,2593,2887.25,3242,151.694
1334,2512,2962.05,3276,222.661
1335,2647,2922.05,3148,114.3
1336,2792,2967.85,3219,118.621
1337,2652,2961.8,3322,182.8
1338,2723,2973.3,3353,145.786
1339,2628,2966,3183,143.997
1340,2709,3003,3331,146.603
1341,2668,2901.45,3181,149.023
1342,2838,3034.95,3300,113.812
1343,2566,2901.2,3267,171.427
1344,2626,2954.3,3183,133.206
1345,2485,2906.45,3240,197.118
1346,2448,2929.45,3242,174.326
1347,2477,2956.7,3211,174.345
1348,2646,2931.65,3209,172.458
1349,2674,2957.5,3254,140.911
1350,2468,2955.1,3323,226.265
1351,2644,2881.3,3118,128.173
1352,2614,2934.2,3241,189.808
1353,2605,2945.1,3471,195.153
1354,2742,2987.45,3196,115.692
1355,2696,2889.3,3104,92.2779
1356,2633,2938.35,3306,173.791
1357,2691,2932.35,3151,136.948
1358,2534,2899.5,3168,157.921
1359,2453,2959.55,3268,162.102
1360,2638,2935.9,3289,197.057
1361,2458,2948.8,3422,218.685
1362,2497,2949.75,3270,160.938
1363,2754,2941.55,3247,117.496
1364,2510,2920.9,3203,168.63
1365,2634,2955.3,3185,160.48
1366,2707,2981.25,3361,180.319
1367,2635,2904,3224,144.432
1368,2507,3019.25,3278,184.798
1369,2594,2950.55,3365,205.517
1370,2727,2953.15,3213,132.509
1371,2541,2959.6,3157,186.208
1372,2675,2939.75,3232,138.361
1373,2442,2887.35,3313,206.879
1374,2748,3002.45,3243,138.001
1375,2699,2959.25,3319,148.64
1376,2671,2979.45,3263,157.582
1377,2641,2955.35,3167,166.662
1378,2549,2905.25,3293,198.941
1379,2724,2905.5,3136,113.56
1380,2595,2944.65,3197,163.932
1381,2651,2920.65,3227,147.836
1382,2529,2888.55,3118,147.525
1383,2692,2936.25,3345,169.538
1384,2696,2975.5,3255,131.229
1385,2595,2951.85,3421,167.515
1386,2598,2893.45,3140,161.013
1387,2607,2878.45,3255,164.51
1388,2566,2937.9,3338,174.853
1389,2721,2938.55,3265,134.205
1390,2572,2841.55,3286,163.964
1391,2505,2885.8,3259,190.767
1392,2638,2918.45,3389,181.731
1393,2653,2968.1,3193,141.304
1394,2654,2898.95,3108,119.518
1395,2668,2884.9,3114,124.925
1396,2596,2972.95,3256,201.024
1397,2645,2939.5,3171,146.634
1398,2514,2904.75,3195,150.373
1399,2606,2958.65,3224,153.475
1400,2674,2952.3,3188,127.442
1401,2817,3002.65,3338,137.122
1402,2653,2897.85,3367,167.452
1403,2664,2986,3393,188.117
1404,2670,2957,3411,162.544
1405,2485,2903.75,3168,173.812
1406,2691,2959.85,3196,164.852
1407,2498,2959.65,3406,225.421
1408,2442,2918.65,3221,188.715
1409,2684,2933.75,3349,180.637
1410,2682,2898.35,3207,136.677
1411,2633,2904.25,3096,119.357
1412,2493,2862.35,3147,209.202
1413,2654,2931.35,3377,153.81
1414,2449,2977.15,3274,184.858
1415,2702,2986.9,3368,184.243
1416,2623,2966.1,3269,142.593
1417,2576,2940.35,3313,160.479
1418,2515,2907.85,3277,165.154
1419,2592,2876.65,3153,158.46
1420,2675,2958.1,3221,159.512
1421,2536,2913.55,3258,200.09
1422,2721,3035.85,3278,157.893
1423,2641,2945.9,3189,142.39
1424,2601,2908.9,3318,178.744
1425,2688,2916.6,3280,146.877
1426,2618,2932.25,3267,169.703
1427,2436,2960.75,3221,188.211
1428,2590,2934.35,3106,149.848
1429,2663,2957.2,3227,153.026
1430,2733,2977.2,3215,144.06
1431,2650,2970.3,3306,189.404
1432,2750,2954.55,3176,125.672
1433,2690,2889.7,3155,137.873
1434,2649,2928.3,3320,162.697
1435,2600,2920.15,3157,145.31
1436,2556,2860.75,3211,142.352
1437,2614,2913.1,3375,177.845
1438,2504,2959.65,3354,177.933
1439,2506,2893.5,3233,180.626
1440,2669,2927.9,3097,115.466
1441,2583,2862.2,3221,170.386
1442,2775,2950.85,3186,116.629
1443,2586,2915.25,3239,161.467
1444,2541,2882.2,3189,163.646
1445,2700,2952.45,3331,173.47
1446,2822,3079.95,3395,158.392
1447,2587,2896.65,3264,157.998
1448,2572,2924.15,3242,160.29
1449,2554,2933.45,3210,161.642
1450,2556,2946.7,3173,160.193
1451,2648,2899.5,3155,128.298
1452,2731,2966.2,3219,129.937
1453,2610,2934.9,3320,180.414
1454,2670,2920.05,3164,149.231
1455,2688,2891.4,3132,142.57
1456,2724,2926.45,3192,143.164
1457,2646,3022,3396,171.322
1458,2727,2944.7,3286,165.53
1459,2492,2908.65,3323,214.879
1460,2642,2874.9,3096,132.893
1461,2747,2964.15,3285,173.202
1462,2585,2923,3172,158.99
1463,2602,2942.75,3268,187.214
1464,2687,2944.9,3239,148.281
1465,2669,3001.1,3288,181.656
1466,2733,2945.2,3302,153.591
1467,2333,2892.15,3272,215.156
1468,2567,2900.75,3101,158.59
1469,2603,2916.25,3154,137.962
1470,2629,2987,3334,168.922
1471,2617,2961.75,3254,181.282
1472,2525,2935.55,3228,179.876
1473,2689,2936.1,3236,160.09
1474,2640,2895.9,3143,134.28
1475,2553,2921.8,3251,213.409
1476,2302,2944.5,3486,259.665
1477,2688,2952.85,3125,136.672
1478,2637,2959.8,3218,164.25
1479,2680,2919.7,3316,193.067
1480,2569,2934.3,3390,184.985
1481,2623,2935.9,3146,162.702
1482,2521,2946.65,3144,151.481
1483,2485,2972.65,3380,188.233
1484,2630,2889.7,3332,190.068
1485,2762,2950.75,3249,139.234
1486,2605,2920.25,3166,152.415
1487,2642,2961.05,3229,170.403
1488,2353,2908.6,3232,199.958
1489,2613,2954.2,3130,122.594
1490,2506,2937.45,3255,179.601
1491,2552,2934.75,3193,174.978
1492,2679,2936.7,3257,177.277
1493,2640,2965.4,3252,147.542
1494,2686,2967.55,3255,143.933
1495,2625,2911.6,3294,182.699
1496,2582,2895.7,3300,183.35
1497,2642,2913.95,3325,157.794
1498,2345,2859,3100,189.318
1499,2689,2948.5,3236,143.404
1500,2474,2920.25,3234,204.908
